// Validating benchmarks:
// ***** BenchmarkRunner: Start   *****
// ***** Found 6 benchmark(s) in total *****
// ***** Building 1 exe(s) in Parallel: Start   *****
// start dotnet  restore --nodeReuse:false /p:UseSharedCompilation=false /p:Deterministic=true /p:Optimize=true /p:ArtifactsPath="/home/zynres/Projects/sweet-log/libraries/sweetlib-collections/src/SweetLib.Benchmarks/bin/Release/net10.0/SweetLib.Benchmarks-Job-CNUJVU-1/" /p:OutDir="/home/zynres/Projects/sweet-log/libraries/sweetlib-collections/src/SweetLib.Benchmarks/bin/Release/net10.0/SweetLib.Benchmarks-Job-CNUJVU-1/bin/Release/net10.0/" /p:OutputPath="/home/zynres/Projects/sweet-log/libraries/sweetlib-collections/src/SweetLib.Benchmarks/bin/Release/net10.0/SweetLib.Benchmarks-Job-CNUJVU-1/bin/Release/net10.0/" /p:PublishDir="/home/zynres/Projects/sweet-log/libraries/sweetlib-collections/src/SweetLib.Benchmarks/bin/Release/net10.0/SweetLib.Benchmarks-Job-CNUJVU-1/publish/" in /home/zynres/Projects/sweet-log/libraries/sweetlib-collections/src/SweetLib.Benchmarks/bin/Release/net10.0/SweetLib.Benchmarks-Job-CNUJVU-1
// command took 0.92 sec and exited with 0
// start dotnet  build -c Release --no-restore --nodeReuse:false /p:UseSharedCompilation=false /p:Deterministic=true /p:Optimize=true /p:ArtifactsPath="/home/zynres/Projects/sweet-log/libraries/sweetlib-collections/src/SweetLib.Benchmarks/bin/Release/net10.0/SweetLib.Benchmarks-Job-CNUJVU-1/" /p:OutDir="/home/zynres/Projects/sweet-log/libraries/sweetlib-collections/src/SweetLib.Benchmarks/bin/Release/net10.0/SweetLib.Benchmarks-Job-CNUJVU-1/bin/Release/net10.0/" /p:OutputPath="/home/zynres/Projects/sweet-log/libraries/sweetlib-collections/src/SweetLib.Benchmarks/bin/Release/net10.0/SweetLib.Benchmarks-Job-CNUJVU-1/bin/Release/net10.0/" /p:PublishDir="/home/zynres/Projects/sweet-log/libraries/sweetlib-collections/src/SweetLib.Benchmarks/bin/Release/net10.0/SweetLib.Benchmarks-Job-CNUJVU-1/publish/" --output "/home/zynres/Projects/sweet-log/libraries/sweetlib-collections/src/SweetLib.Benchmarks/bin/Release/net10.0/SweetLib.Benchmarks-Job-CNUJVU-1/bin/Release/net10.0/" in /home/zynres/Projects/sweet-log/libraries/sweetlib-collections/src/SweetLib.Benchmarks/bin/Release/net10.0/SweetLib.Benchmarks-Job-CNUJVU-1
// command took 7.09 sec and exited with 0
// ***** Done, took 00:00:08 (8.05 sec)   *****
// Found 6 benchmarks:
//   MpscBenchmark.UnsafeRingBuffer_MPSC: Job-CNUJVU(InvocationCount=1, UnrollFactor=1) [ProducerCount=1, ItemsPerProducer=1000000]
//   MpscBenchmark.SystemThreadingChannel_MPSC: Job-CNUJVU(InvocationCount=1, UnrollFactor=1) [ProducerCount=1, ItemsPerProducer=1000000]
//   MpscBenchmark.UnsafeRingBuffer_MPSC: Job-CNUJVU(InvocationCount=1, UnrollFactor=1) [ProducerCount=4, ItemsPerProducer=1000000]
//   MpscBenchmark.SystemThreadingChannel_MPSC: Job-CNUJVU(InvocationCount=1, UnrollFactor=1) [ProducerCount=4, ItemsPerProducer=1000000]
//   MpscBenchmark.UnsafeRingBuffer_MPSC: Job-CNUJVU(InvocationCount=1, UnrollFactor=1) [ProducerCount=8, ItemsPerProducer=1000000]
//   MpscBenchmark.SystemThreadingChannel_MPSC: Job-CNUJVU(InvocationCount=1, UnrollFactor=1) [ProducerCount=8, ItemsPerProducer=1000000]

// **************************
// Benchmark: MpscBenchmark.UnsafeRingBuffer_MPSC: Job-CNUJVU(InvocationCount=1, UnrollFactor=1) [ProducerCount=1, ItemsPerProducer=1000000]
// *** Execute ***
// Launch: 1 / 1
// Execute: dotnet SweetLib.Benchmarks-Job-CNUJVU-1.dll --anonymousPipes 125 126 --benchmarkName "MpscBenchmark.UnsafeRingBuffer_MPSC(ProducerCount: 1, ItemsPerProducer: 1000000)" --job "InvocationCount=1, UnrollFactor=1" --benchmarkId 0 in /home/zynres/Projects/sweet-log/libraries/sweetlib-collections/src/SweetLib.Benchmarks/bin/Release/net10.0/SweetLib.Benchmarks-Job-CNUJVU-1/bin/Release/net10.0
// Failed to set up high priority (Permission denied). In order to run benchmarks with high priority, make sure you have the right permissions.
// BeforeAnythingElse

// Benchmark Process Environment Information:
// BenchmarkDotNet v0.15.8
// Runtime=.NET 10.0.11 (10.0.11, 42.42.42.42424), X64 RyuJIT x86-64-v3
// GC=Concurrent Workstation
// HardwareIntrinsics=AVX2+BMI1+BMI2+F16C+FMA+LZCNT+MOVBE,AVX,SSE3+SSSE3+SSE4.1+SSE4.2+POPCNT,X86Base+SSE+SSE2,AES+PCLMUL,AvxVnni,SERIALIZE VectorSize=256
// Job: Job-CNUJVU(InvocationCount=1, UnrollFactor=1)

OverheadJitting  1: 1 op, 128363.00 ns, 128.3630 us/op
WorkloadJitting  1: 1 op, 79646997.00 ns, 79.6470 ms/op

OverheadWarmup   1: 1 op, 402.00 ns, 402.0000 ns/op
OverheadWarmup   2: 1 op, 27.00 ns, 27.0000 ns/op
OverheadWarmup   3: 1 op, 45.00 ns, 45.0000 ns/op
OverheadWarmup   4: 1 op, 30.00 ns, 30.0000 ns/op
OverheadWarmup   5: 1 op, 335.00 ns, 335.0000 ns/op
OverheadWarmup   6: 1 op, 27.00 ns, 27.0000 ns/op

OverheadActual   1: 1 op, 136.00 ns, 136.0000 ns/op
OverheadActual   2: 1 op, 153.00 ns, 153.0000 ns/op
OverheadActual   3: 1 op, 153.00 ns, 153.0000 ns/op
OverheadActual   4: 1 op, 139.00 ns, 139.0000 ns/op
OverheadActual   5: 1 op, 138.00 ns, 138.0000 ns/op
OverheadActual   6: 1 op, 66.00 ns, 66.0000 ns/op
OverheadActual   7: 1 op, 39.00 ns, 39.0000 ns/op
OverheadActual   8: 1 op, 39.00 ns, 39.0000 ns/op
OverheadActual   9: 1 op, 28.00 ns, 28.0000 ns/op
OverheadActual  10: 1 op, 56.00 ns, 56.0000 ns/op
OverheadActual  11: 1 op, 31.00 ns, 31.0000 ns/op
OverheadActual  12: 1 op, 25.00 ns, 25.0000 ns/op
OverheadActual  13: 1 op, 40.00 ns, 40.0000 ns/op
OverheadActual  14: 1 op, 27.00 ns, 27.0000 ns/op
OverheadActual  15: 1 op, 41.00 ns, 41.0000 ns/op
OverheadActual  16: 1 op, 29.00 ns, 29.0000 ns/op
OverheadActual  17: 1 op, 39.00 ns, 39.0000 ns/op
OverheadActual  18: 1 op, 169.00 ns, 169.0000 ns/op
OverheadActual  19: 1 op, 95.00 ns, 95.0000 ns/op
OverheadActual  20: 1 op, 45.00 ns, 45.0000 ns/op

WorkloadWarmup   1: 1 op, 107884399.00 ns, 107.8844 ms/op
WorkloadWarmup   2: 1 op, 99301416.00 ns, 99.3014 ms/op
WorkloadWarmup   3: 1 op, 90137678.00 ns, 90.1377 ms/op
WorkloadWarmup   4: 1 op, 82422295.00 ns, 82.4223 ms/op
WorkloadWarmup   5: 1 op, 90722424.00 ns, 90.7224 ms/op
WorkloadWarmup   6: 1 op, 91265408.00 ns, 91.2654 ms/op
WorkloadWarmup   7: 1 op, 96583275.00 ns, 96.5833 ms/op
WorkloadWarmup   8: 1 op, 99486674.00 ns, 99.4867 ms/op
WorkloadWarmup   9: 1 op, 89095436.00 ns, 89.0954 ms/op
WorkloadWarmup  10: 1 op, 99547960.00 ns, 99.5480 ms/op
WorkloadWarmup  11: 1 op, 94196152.00 ns, 94.1962 ms/op

// BeforeActualRun
WorkloadActual   1: 1 op, 89940704.00 ns, 89.9407 ms/op
WorkloadActual   2: 1 op, 91254664.00 ns, 91.2547 ms/op
WorkloadActual   3: 1 op, 86134390.00 ns, 86.1344 ms/op
WorkloadActual   4: 1 op, 88056874.00 ns, 88.0569 ms/op
WorkloadActual   5: 1 op, 110795195.00 ns, 110.7952 ms/op
WorkloadActual   6: 1 op, 90734203.00 ns, 90.7342 ms/op
WorkloadActual   7: 1 op, 88454492.00 ns, 88.4545 ms/op
WorkloadActual   8: 1 op, 91034016.00 ns, 91.0340 ms/op
WorkloadActual   9: 1 op, 79454475.00 ns, 79.4545 ms/op
WorkloadActual  10: 1 op, 89880196.00 ns, 89.8802 ms/op
WorkloadActual  11: 1 op, 85347945.00 ns, 85.3479 ms/op
WorkloadActual  12: 1 op, 92294288.00 ns, 92.2943 ms/op
WorkloadActual  13: 1 op, 81741548.00 ns, 81.7415 ms/op
WorkloadActual  14: 1 op, 89631970.00 ns, 89.6320 ms/op
WorkloadActual  15: 1 op, 89007638.00 ns, 89.0076 ms/op
WorkloadActual  16: 1 op, 88504317.00 ns, 88.5043 ms/op
WorkloadActual  17: 1 op, 85509123.00 ns, 85.5091 ms/op
WorkloadActual  18: 1 op, 88074178.00 ns, 88.0742 ms/op
WorkloadActual  19: 1 op, 80853471.00 ns, 80.8535 ms/op
WorkloadActual  20: 1 op, 87730225.00 ns, 87.7302 ms/op
WorkloadActual  21: 1 op, 107189188.00 ns, 107.1892 ms/op
WorkloadActual  22: 1 op, 90628207.00 ns, 90.6282 ms/op
WorkloadActual  23: 1 op, 91634527.00 ns, 91.6345 ms/op
WorkloadActual  24: 1 op, 94087727.00 ns, 94.0877 ms/op
WorkloadActual  25: 1 op, 79362710.00 ns, 79.3627 ms/op
WorkloadActual  26: 1 op, 92592118.00 ns, 92.5921 ms/op
WorkloadActual  27: 1 op, 84738153.00 ns, 84.7382 ms/op
WorkloadActual  28: 1 op, 102390218.00 ns, 102.3902 ms/op
WorkloadActual  29: 1 op, 100288003.00 ns, 100.2880 ms/op
WorkloadActual  30: 1 op, 89440266.00 ns, 89.4403 ms/op
WorkloadActual  31: 1 op, 96967009.00 ns, 96.9670 ms/op
WorkloadActual  32: 1 op, 91845916.00 ns, 91.8459 ms/op
WorkloadActual  33: 1 op, 81838673.00 ns, 81.8387 ms/op
WorkloadActual  34: 1 op, 81825459.00 ns, 81.8255 ms/op
WorkloadActual  35: 1 op, 82061652.00 ns, 82.0617 ms/op
WorkloadActual  36: 1 op, 85594501.00 ns, 85.5945 ms/op
WorkloadActual  37: 1 op, 91142658.00 ns, 91.1427 ms/op
WorkloadActual  38: 1 op, 94012023.00 ns, 94.0120 ms/op
WorkloadActual  39: 1 op, 88478089.00 ns, 88.4781 ms/op
WorkloadActual  40: 1 op, 82120018.00 ns, 82.1200 ms/op
WorkloadActual  41: 1 op, 78533605.00 ns, 78.5336 ms/op
WorkloadActual  42: 1 op, 89245266.00 ns, 89.2453 ms/op
WorkloadActual  43: 1 op, 85374397.00 ns, 85.3744 ms/op
WorkloadActual  44: 1 op, 94922397.00 ns, 94.9224 ms/op
WorkloadActual  45: 1 op, 75010799.00 ns, 75.0108 ms/op
WorkloadActual  46: 1 op, 92007842.00 ns, 92.0078 ms/op
WorkloadActual  47: 1 op, 87963942.00 ns, 87.9639 ms/op
WorkloadActual  48: 1 op, 89070734.00 ns, 89.0707 ms/op
WorkloadActual  49: 1 op, 86408363.00 ns, 86.4084 ms/op
WorkloadActual  50: 1 op, 82154083.00 ns, 82.1541 ms/op
WorkloadActual  51: 1 op, 98570959.00 ns, 98.5710 ms/op
WorkloadActual  52: 1 op, 86714685.00 ns, 86.7147 ms/op
WorkloadActual  53: 1 op, 83878888.00 ns, 83.8789 ms/op
WorkloadActual  54: 1 op, 93560638.00 ns, 93.5606 ms/op
WorkloadActual  55: 1 op, 92781344.00 ns, 92.7813 ms/op
WorkloadActual  56: 1 op, 89895558.00 ns, 89.8956 ms/op
WorkloadActual  57: 1 op, 89713632.00 ns, 89.7136 ms/op
WorkloadActual  58: 1 op, 96655722.00 ns, 96.6557 ms/op
WorkloadActual  59: 1 op, 100718485.00 ns, 100.7185 ms/op
WorkloadActual  60: 1 op, 87509771.00 ns, 87.5098 ms/op
WorkloadActual  61: 1 op, 85365128.00 ns, 85.3651 ms/op
WorkloadActual  62: 1 op, 90796984.00 ns, 90.7970 ms/op
WorkloadActual  63: 1 op, 91975577.00 ns, 91.9756 ms/op
WorkloadActual  64: 1 op, 85112980.00 ns, 85.1130 ms/op
WorkloadActual  65: 1 op, 92253665.00 ns, 92.2537 ms/op
WorkloadActual  66: 1 op, 88970012.00 ns, 88.9700 ms/op
WorkloadActual  67: 1 op, 92250577.00 ns, 92.2506 ms/op
WorkloadActual  68: 1 op, 92184134.00 ns, 92.1841 ms/op
WorkloadActual  69: 1 op, 86503552.00 ns, 86.5036 ms/op
WorkloadActual  70: 1 op, 85143501.00 ns, 85.1435 ms/op
WorkloadActual  71: 1 op, 93357730.00 ns, 93.3577 ms/op
WorkloadActual  72: 1 op, 87323945.00 ns, 87.3239 ms/op
WorkloadActual  73: 1 op, 84873651.00 ns, 84.8737 ms/op
WorkloadActual  74: 1 op, 85999678.00 ns, 85.9997 ms/op
WorkloadActual  75: 1 op, 85257812.00 ns, 85.2578 ms/op
WorkloadActual  76: 1 op, 85266419.00 ns, 85.2664 ms/op
WorkloadActual  77: 1 op, 85436418.00 ns, 85.4364 ms/op
WorkloadActual  78: 1 op, 86352396.00 ns, 86.3524 ms/op
WorkloadActual  79: 1 op, 99964418.00 ns, 99.9644 ms/op
WorkloadActual  80: 1 op, 85836069.00 ns, 85.8361 ms/op
WorkloadActual  81: 1 op, 92159617.00 ns, 92.1596 ms/op
WorkloadActual  82: 1 op, 91320242.00 ns, 91.3202 ms/op
WorkloadActual  83: 1 op, 98356322.00 ns, 98.3563 ms/op
WorkloadActual  84: 1 op, 86031376.00 ns, 86.0314 ms/op
WorkloadActual  85: 1 op, 91075018.00 ns, 91.0750 ms/op
WorkloadActual  86: 1 op, 88791464.00 ns, 88.7915 ms/op
WorkloadActual  87: 1 op, 90964821.00 ns, 90.9648 ms/op
WorkloadActual  88: 1 op, 90596471.00 ns, 90.5965 ms/op
WorkloadActual  89: 1 op, 90363628.00 ns, 90.3636 ms/op
WorkloadActual  90: 1 op, 88692120.00 ns, 88.6921 ms/op
WorkloadActual  91: 1 op, 98287042.00 ns, 98.2870 ms/op
WorkloadActual  92: 1 op, 97907871.00 ns, 97.9079 ms/op
WorkloadActual  93: 1 op, 86435661.00 ns, 86.4357 ms/op
WorkloadActual  94: 1 op, 89738399.00 ns, 89.7384 ms/op
WorkloadActual  95: 1 op, 84866661.00 ns, 84.8667 ms/op

// AfterActualRun
WorkloadResult   1: 1 op, 89940661.00 ns, 89.9407 ms/op
WorkloadResult   2: 1 op, 91254621.00 ns, 91.2546 ms/op
WorkloadResult   3: 1 op, 86134347.00 ns, 86.1343 ms/op
WorkloadResult   4: 1 op, 88056831.00 ns, 88.0568 ms/op
WorkloadResult   5: 1 op, 90734160.00 ns, 90.7342 ms/op
WorkloadResult   6: 1 op, 88454449.00 ns, 88.4544 ms/op
WorkloadResult   7: 1 op, 91033973.00 ns, 91.0340 ms/op
WorkloadResult   8: 1 op, 79454432.00 ns, 79.4544 ms/op
WorkloadResult   9: 1 op, 89880153.00 ns, 89.8802 ms/op
WorkloadResult  10: 1 op, 85347902.00 ns, 85.3479 ms/op
WorkloadResult  11: 1 op, 92294245.00 ns, 92.2942 ms/op
WorkloadResult  12: 1 op, 81741505.00 ns, 81.7415 ms/op
WorkloadResult  13: 1 op, 89631927.00 ns, 89.6319 ms/op
WorkloadResult  14: 1 op, 89007595.00 ns, 89.0076 ms/op
WorkloadResult  15: 1 op, 88504274.00 ns, 88.5043 ms/op
WorkloadResult  16: 1 op, 85509080.00 ns, 85.5091 ms/op
WorkloadResult  17: 1 op, 88074135.00 ns, 88.0741 ms/op
WorkloadResult  18: 1 op, 80853428.00 ns, 80.8534 ms/op
WorkloadResult  19: 1 op, 87730182.00 ns, 87.7302 ms/op
WorkloadResult  20: 1 op, 90628164.00 ns, 90.6282 ms/op
WorkloadResult  21: 1 op, 91634484.00 ns, 91.6345 ms/op
WorkloadResult  22: 1 op, 94087684.00 ns, 94.0877 ms/op
WorkloadResult  23: 1 op, 79362667.00 ns, 79.3627 ms/op
WorkloadResult  24: 1 op, 92592075.00 ns, 92.5921 ms/op
WorkloadResult  25: 1 op, 84738110.00 ns, 84.7381 ms/op
WorkloadResult  26: 1 op, 100287960.00 ns, 100.2880 ms/op
WorkloadResult  27: 1 op, 89440223.00 ns, 89.4402 ms/op
WorkloadResult  28: 1 op, 96966966.00 ns, 96.9670 ms/op
WorkloadResult  29: 1 op, 91845873.00 ns, 91.8459 ms/op
WorkloadResult  30: 1 op, 81838630.00 ns, 81.8386 ms/op
WorkloadResult  31: 1 op, 81825416.00 ns, 81.8254 ms/op
WorkloadResult  32: 1 op, 82061609.00 ns, 82.0616 ms/op
WorkloadResult  33: 1 op, 85594458.00 ns, 85.5945 ms/op
WorkloadResult  34: 1 op, 91142615.00 ns, 91.1426 ms/op
WorkloadResult  35: 1 op, 94011980.00 ns, 94.0120 ms/op
WorkloadResult  36: 1 op, 88478046.00 ns, 88.4780 ms/op
WorkloadResult  37: 1 op, 82119975.00 ns, 82.1200 ms/op
WorkloadResult  38: 1 op, 78533562.00 ns, 78.5336 ms/op
WorkloadResult  39: 1 op, 89245223.00 ns, 89.2452 ms/op
WorkloadResult  40: 1 op, 85374354.00 ns, 85.3744 ms/op
WorkloadResult  41: 1 op, 94922354.00 ns, 94.9224 ms/op
WorkloadResult  42: 1 op, 75010756.00 ns, 75.0108 ms/op
WorkloadResult  43: 1 op, 92007799.00 ns, 92.0078 ms/op
WorkloadResult  44: 1 op, 87963899.00 ns, 87.9639 ms/op
WorkloadResult  45: 1 op, 89070691.00 ns, 89.0707 ms/op
WorkloadResult  46: 1 op, 86408320.00 ns, 86.4083 ms/op
WorkloadResult  47: 1 op, 82154040.00 ns, 82.1540 ms/op
WorkloadResult  48: 1 op, 98570916.00 ns, 98.5709 ms/op
WorkloadResult  49: 1 op, 86714642.00 ns, 86.7146 ms/op
WorkloadResult  50: 1 op, 83878845.00 ns, 83.8788 ms/op
WorkloadResult  51: 1 op, 93560595.00 ns, 93.5606 ms/op
WorkloadResult  52: 1 op, 92781301.00 ns, 92.7813 ms/op
WorkloadResult  53: 1 op, 89895515.00 ns, 89.8955 ms/op
WorkloadResult  54: 1 op, 89713589.00 ns, 89.7136 ms/op
WorkloadResult  55: 1 op, 96655679.00 ns, 96.6557 ms/op
WorkloadResult  56: 1 op, 100718442.00 ns, 100.7184 ms/op
WorkloadResult  57: 1 op, 87509728.00 ns, 87.5097 ms/op
WorkloadResult  58: 1 op, 85365085.00 ns, 85.3651 ms/op
WorkloadResult  59: 1 op, 90796941.00 ns, 90.7969 ms/op
WorkloadResult  60: 1 op, 91975534.00 ns, 91.9755 ms/op
WorkloadResult  61: 1 op, 85112937.00 ns, 85.1129 ms/op
WorkloadResult  62: 1 op, 92253622.00 ns, 92.2536 ms/op
WorkloadResult  63: 1 op, 88969969.00 ns, 88.9700 ms/op
WorkloadResult  64: 1 op, 92250534.00 ns, 92.2505 ms/op
WorkloadResult  65: 1 op, 92184091.00 ns, 92.1841 ms/op
WorkloadResult  66: 1 op, 86503509.00 ns, 86.5035 ms/op
WorkloadResult  67: 1 op, 85143458.00 ns, 85.1435 ms/op
WorkloadResult  68: 1 op, 93357687.00 ns, 93.3577 ms/op
WorkloadResult  69: 1 op, 87323902.00 ns, 87.3239 ms/op
WorkloadResult  70: 1 op, 84873608.00 ns, 84.8736 ms/op
WorkloadResult  71: 1 op, 85999635.00 ns, 85.9996 ms/op
WorkloadResult  72: 1 op, 85257769.00 ns, 85.2578 ms/op
WorkloadResult  73: 1 op, 85266376.00 ns, 85.2664 ms/op
WorkloadResult  74: 1 op, 85436375.00 ns, 85.4364 ms/op
WorkloadResult  75: 1 op, 86352353.00 ns, 86.3524 ms/op
WorkloadResult  76: 1 op, 99964375.00 ns, 99.9644 ms/op
WorkloadResult  77: 1 op, 85836026.00 ns, 85.8360 ms/op
WorkloadResult  78: 1 op, 92159574.00 ns, 92.1596 ms/op
WorkloadResult  79: 1 op, 91320199.00 ns, 91.3202 ms/op
WorkloadResult  80: 1 op, 98356279.00 ns, 98.3563 ms/op
WorkloadResult  81: 1 op, 86031333.00 ns, 86.0313 ms/op
WorkloadResult  82: 1 op, 91074975.00 ns, 91.0750 ms/op
WorkloadResult  83: 1 op, 88791421.00 ns, 88.7914 ms/op
WorkloadResult  84: 1 op, 90964778.00 ns, 90.9648 ms/op
WorkloadResult  85: 1 op, 90596428.00 ns, 90.5964 ms/op
WorkloadResult  86: 1 op, 90363585.00 ns, 90.3636 ms/op
WorkloadResult  87: 1 op, 88692077.00 ns, 88.6921 ms/op
WorkloadResult  88: 1 op, 98286999.00 ns, 98.2870 ms/op
WorkloadResult  89: 1 op, 97907828.00 ns, 97.9078 ms/op
WorkloadResult  90: 1 op, 86435618.00 ns, 86.4356 ms/op
WorkloadResult  91: 1 op, 89738356.00 ns, 89.7384 ms/op
WorkloadResult  92: 1 op, 84866618.00 ns, 84.8666 ms/op
// GC:  0 0 0 232 1
// Threading:  0 0 1

// AfterAll
// Benchmark Process 175287 has exited with code 0.

Mean = 88.900 ms, StdErr = 0.522 ms (0.59%), N = 92, StdDev = 5.003 ms
Min = 75.011 ms, Q1 = 85.491 ms, Median = 88.989 ms, Q3 = 91.878 ms, Max = 100.718 ms
IQR = 6.387 ms, LowerFence = 75.910 ms, UpperFence = 101.459 ms
ConfidenceInterval = [87.126 ms; 90.674 ms] (CI 99.9%), Margin = 1.774 ms (2.00% of Mean)
Skewness = 0.08, Kurtosis = 3.16, MValue = 3.38

// ** Remained 5 (83.3 %) benchmark(s) to run. Estimated finish 2026-08-31 20:29 (0h 0m from now) **
// **************************
// Benchmark: MpscBenchmark.SystemThreadingChannel_MPSC: Job-CNUJVU(InvocationCount=1, UnrollFactor=1) [ProducerCount=1, ItemsPerProducer=1000000]
// *** Execute ***
// Launch: 1 / 1
// Execute: dotnet SweetLib.Benchmarks-Job-CNUJVU-1.dll --anonymousPipes 125 126 --benchmarkName "MpscBenchmark.SystemThreadingChannel_MPSC(ProducerCount: 1, ItemsPerProducer: 1000000)" --job "InvocationCount=1, UnrollFactor=1" --benchmarkId 1 in /home/zynres/Projects/sweet-log/libraries/sweetlib-collections/src/SweetLib.Benchmarks/bin/Release/net10.0/SweetLib.Benchmarks-Job-CNUJVU-1/bin/Release/net10.0
// Failed to set up high priority (Permission denied). In order to run benchmarks with high priority, make sure you have the right permissions.
// BeforeAnythingElse

// Benchmark Process Environment Information:
// BenchmarkDotNet v0.15.8
// Runtime=.NET 10.0.11 (10.0.11, 42.42.42.42424), X64 RyuJIT x86-64-v3
// GC=Concurrent Workstation
// HardwareIntrinsics=AVX2+BMI1+BMI2+F16C+FMA+LZCNT+MOVBE,AVX,SSE3+SSSE3+SSE4.1+SSE4.2+POPCNT,X86Base+SSE+SSE2,AES+PCLMUL,AvxVnni,SERIALIZE VectorSize=256
// Job: Job-CNUJVU(InvocationCount=1, UnrollFactor=1)

OverheadJitting  1: 1 op, 129110.00 ns, 129.1100 us/op
WorkloadJitting  1: 1 op, 78975536.00 ns, 78.9755 ms/op

OverheadWarmup   1: 1 op, 1520.00 ns, 1.5200 us/op
OverheadWarmup   2: 1 op, 1351.00 ns, 1.3510 us/op
OverheadWarmup   3: 1 op, 166.00 ns, 166.0000 ns/op
OverheadWarmup   4: 1 op, 42.00 ns, 42.0000 ns/op
OverheadWarmup   5: 1 op, 106.00 ns, 106.0000 ns/op
OverheadWarmup   6: 1 op, 155.00 ns, 155.0000 ns/op
OverheadWarmup   7: 1 op, 57.00 ns, 57.0000 ns/op
OverheadWarmup   8: 1 op, 40.00 ns, 40.0000 ns/op
OverheadWarmup   9: 1 op, 26.00 ns, 26.0000 ns/op
OverheadWarmup  10: 1 op, 38.00 ns, 38.0000 ns/op

OverheadActual   1: 1 op, 136.00 ns, 136.0000 ns/op
OverheadActual   2: 1 op, 137.00 ns, 137.0000 ns/op
OverheadActual   3: 1 op, 161.00 ns, 161.0000 ns/op
OverheadActual   4: 1 op, 31.00 ns, 31.0000 ns/op
OverheadActual   5: 1 op, 93.00 ns, 93.0000 ns/op
OverheadActual   6: 1 op, 43.00 ns, 43.0000 ns/op
OverheadActual   7: 1 op, 39.00 ns, 39.0000 ns/op
OverheadActual   8: 1 op, 41.00 ns, 41.0000 ns/op
OverheadActual   9: 1 op, 42.00 ns, 42.0000 ns/op
OverheadActual  10: 1 op, 26.00 ns, 26.0000 ns/op
OverheadActual  11: 1 op, 49.00 ns, 49.0000 ns/op
OverheadActual  12: 1 op, 43.00 ns, 43.0000 ns/op
OverheadActual  13: 1 op, 41.00 ns, 41.0000 ns/op
OverheadActual  14: 1 op, 27.00 ns, 27.0000 ns/op
OverheadActual  15: 1 op, 40.00 ns, 40.0000 ns/op
OverheadActual  16: 1 op, 26.00 ns, 26.0000 ns/op
OverheadActual  17: 1 op, 41.00 ns, 41.0000 ns/op
OverheadActual  18: 1 op, 146.00 ns, 146.0000 ns/op
OverheadActual  19: 1 op, 42.00 ns, 42.0000 ns/op
OverheadActual  20: 1 op, 39.00 ns, 39.0000 ns/op

WorkloadWarmup   1: 1 op, 554926578.00 ns, 554.9266 ms/op
WorkloadWarmup   2: 1 op, 166906980.00 ns, 166.9070 ms/op
WorkloadWarmup   3: 1 op, 106185173.00 ns, 106.1852 ms/op
WorkloadWarmup   4: 1 op, 101862392.00 ns, 101.8624 ms/op
WorkloadWarmup   5: 1 op, 144491731.00 ns, 144.4917 ms/op
WorkloadWarmup   6: 1 op, 482496853.00 ns, 482.4969 ms/op
WorkloadWarmup   7: 1 op, 535815556.00 ns, 535.8156 ms/op
WorkloadWarmup   8: 1 op, 153708094.00 ns, 153.7081 ms/op
WorkloadWarmup   9: 1 op, 206131616.00 ns, 206.1316 ms/op
WorkloadWarmup  10: 1 op, 428457897.00 ns, 428.4579 ms/op
WorkloadWarmup  11: 1 op, 94073363.00 ns, 94.0734 ms/op

// BeforeActualRun
WorkloadActual   1: 1 op, 88624870.00 ns, 88.6249 ms/op
WorkloadActual   2: 1 op, 85993874.00 ns, 85.9939 ms/op
WorkloadActual   3: 1 op, 272020748.00 ns, 272.0207 ms/op
WorkloadActual   4: 1 op, 99601595.00 ns, 99.6016 ms/op
WorkloadActual   5: 1 op, 156620533.00 ns, 156.6205 ms/op
WorkloadActual   6: 1 op, 118447138.00 ns, 118.4471 ms/op
WorkloadActual   7: 1 op, 204431099.00 ns, 204.4311 ms/op
WorkloadActual   8: 1 op, 150042444.00 ns, 150.0424 ms/op
WorkloadActual   9: 1 op, 210281693.00 ns, 210.2817 ms/op
WorkloadActual  10: 1 op, 191992197.00 ns, 191.9922 ms/op
WorkloadActual  11: 1 op, 520441291.00 ns, 520.4413 ms/op
WorkloadActual  12: 1 op, 479459288.00 ns, 479.4593 ms/op
WorkloadActual  13: 1 op, 457591558.00 ns, 457.5916 ms/op
WorkloadActual  14: 1 op, 357779445.00 ns, 357.7794 ms/op
WorkloadActual  15: 1 op, 368698910.00 ns, 368.6989 ms/op
WorkloadActual  16: 1 op, 329688302.00 ns, 329.6883 ms/op
WorkloadActual  17: 1 op, 379411097.00 ns, 379.4111 ms/op
WorkloadActual  18: 1 op, 101046292.00 ns, 101.0463 ms/op
WorkloadActual  19: 1 op, 91299515.00 ns, 91.2995 ms/op
WorkloadActual  20: 1 op, 63226446.00 ns, 63.2264 ms/op
WorkloadActual  21: 1 op, 88159732.00 ns, 88.1597 ms/op
WorkloadActual  22: 1 op, 56123778.00 ns, 56.1238 ms/op
WorkloadActual  23: 1 op, 97468215.00 ns, 97.4682 ms/op
WorkloadActual  24: 1 op, 83741243.00 ns, 83.7412 ms/op
WorkloadActual  25: 1 op, 92369072.00 ns, 92.3691 ms/op
WorkloadActual  26: 1 op, 73164331.00 ns, 73.1643 ms/op
WorkloadActual  27: 1 op, 88924901.00 ns, 88.9249 ms/op
WorkloadActual  28: 1 op, 90387086.00 ns, 90.3871 ms/op
WorkloadActual  29: 1 op, 84148983.00 ns, 84.1490 ms/op
WorkloadActual  30: 1 op, 78543689.00 ns, 78.5437 ms/op
WorkloadActual  31: 1 op, 82376790.00 ns, 82.3768 ms/op
WorkloadActual  32: 1 op, 84499632.00 ns, 84.4996 ms/op
WorkloadActual  33: 1 op, 94650112.00 ns, 94.6501 ms/op
WorkloadActual  34: 1 op, 71171036.00 ns, 71.1710 ms/op
WorkloadActual  35: 1 op, 76923551.00 ns, 76.9236 ms/op
WorkloadActual  36: 1 op, 94748268.00 ns, 94.7483 ms/op
WorkloadActual  37: 1 op, 77165757.00 ns, 77.1658 ms/op
WorkloadActual  38: 1 op, 78911263.00 ns, 78.9113 ms/op
WorkloadActual  39: 1 op, 66950682.00 ns, 66.9507 ms/op
WorkloadActual  40: 1 op, 89282846.00 ns, 89.2828 ms/op
WorkloadActual  41: 1 op, 57572518.00 ns, 57.5725 ms/op
WorkloadActual  42: 1 op, 58046417.00 ns, 58.0464 ms/op
WorkloadActual  43: 1 op, 61123838.00 ns, 61.1238 ms/op
WorkloadActual  44: 1 op, 57968194.00 ns, 57.9682 ms/op
WorkloadActual  45: 1 op, 58952555.00 ns, 58.9526 ms/op
WorkloadActual  46: 1 op, 57396645.00 ns, 57.3966 ms/op
WorkloadActual  47: 1 op, 55823698.00 ns, 55.8237 ms/op
WorkloadActual  48: 1 op, 56798212.00 ns, 56.7982 ms/op
WorkloadActual  49: 1 op, 61857612.00 ns, 61.8576 ms/op
WorkloadActual  50: 1 op, 84860335.00 ns, 84.8603 ms/op
WorkloadActual  51: 1 op, 59168852.00 ns, 59.1689 ms/op
WorkloadActual  52: 1 op, 164473367.00 ns, 164.4734 ms/op
WorkloadActual  53: 1 op, 69864819.00 ns, 69.8648 ms/op
WorkloadActual  54: 1 op, 52379242.00 ns, 52.3792 ms/op
WorkloadActual  55: 1 op, 61831660.00 ns, 61.8317 ms/op
WorkloadActual  56: 1 op, 62864917.00 ns, 62.8649 ms/op
WorkloadActual  57: 1 op, 55246159.00 ns, 55.2462 ms/op
WorkloadActual  58: 1 op, 56115889.00 ns, 56.1159 ms/op
WorkloadActual  59: 1 op, 52897646.00 ns, 52.8976 ms/op
WorkloadActual  60: 1 op, 52942160.00 ns, 52.9422 ms/op
WorkloadActual  61: 1 op, 55826761.00 ns, 55.8268 ms/op
WorkloadActual  62: 1 op, 93243564.00 ns, 93.2436 ms/op
WorkloadActual  63: 1 op, 92053415.00 ns, 92.0534 ms/op
WorkloadActual  64: 1 op, 88530008.00 ns, 88.5300 ms/op
WorkloadActual  65: 1 op, 93658676.00 ns, 93.6587 ms/op
WorkloadActual  66: 1 op, 76126175.00 ns, 76.1262 ms/op
WorkloadActual  67: 1 op, 90975097.00 ns, 90.9751 ms/op
WorkloadActual  68: 1 op, 94280099.00 ns, 94.2801 ms/op
WorkloadActual  69: 1 op, 91769286.00 ns, 91.7693 ms/op
WorkloadActual  70: 1 op, 93673534.00 ns, 93.6735 ms/op
WorkloadActual  71: 1 op, 91993323.00 ns, 91.9933 ms/op
WorkloadActual  72: 1 op, 94480160.00 ns, 94.4802 ms/op
WorkloadActual  73: 1 op, 94842459.00 ns, 94.8425 ms/op
WorkloadActual  74: 1 op, 96438426.00 ns, 96.4384 ms/op
WorkloadActual  75: 1 op, 63508572.00 ns, 63.5086 ms/op
WorkloadActual  76: 1 op, 91019585.00 ns, 91.0196 ms/op
WorkloadActual  77: 1 op, 90033957.00 ns, 90.0340 ms/op
WorkloadActual  78: 1 op, 92080765.00 ns, 92.0808 ms/op
WorkloadActual  79: 1 op, 92999624.00 ns, 92.9996 ms/op
WorkloadActual  80: 1 op, 91542000.00 ns, 91.5420 ms/op
WorkloadActual  81: 1 op, 87099462.00 ns, 87.0995 ms/op
WorkloadActual  82: 1 op, 90920240.00 ns, 90.9202 ms/op
WorkloadActual  83: 1 op, 88649727.00 ns, 88.6497 ms/op
WorkloadActual  84: 1 op, 95193824.00 ns, 95.1938 ms/op
WorkloadActual  85: 1 op, 88582746.00 ns, 88.5827 ms/op
WorkloadActual  86: 1 op, 92413006.00 ns, 92.4130 ms/op
WorkloadActual  87: 1 op, 91232342.00 ns, 91.2323 ms/op
WorkloadActual  88: 1 op, 91229084.00 ns, 91.2291 ms/op
WorkloadActual  89: 1 op, 94635439.00 ns, 94.6354 ms/op
WorkloadActual  90: 1 op, 350055951.00 ns, 350.0560 ms/op
WorkloadActual  91: 1 op, 438942031.00 ns, 438.9420 ms/op
WorkloadActual  92: 1 op, 337644527.00 ns, 337.6445 ms/op
WorkloadActual  93: 1 op, 81898558.00 ns, 81.8986 ms/op
WorkloadActual  94: 1 op, 95101474.00 ns, 95.1015 ms/op
WorkloadActual  95: 1 op, 99058768.00 ns, 99.0588 ms/op
WorkloadActual  96: 1 op, 91579904.00 ns, 91.5799 ms/op
WorkloadActual  97: 1 op, 91164090.00 ns, 91.1641 ms/op
WorkloadActual  98: 1 op, 92841318.00 ns, 92.8413 ms/op
WorkloadActual  99: 1 op, 93039897.00 ns, 93.0399 ms/op
WorkloadActual  100: 1 op, 91417877.00 ns, 91.4179 ms/op

// AfterActualRun
WorkloadResult   1: 1 op, 88624828.50 ns, 88.6248 ms/op
WorkloadResult   2: 1 op, 85993832.50 ns, 85.9938 ms/op
WorkloadResult   3: 1 op, 99601553.50 ns, 99.6016 ms/op
WorkloadResult   4: 1 op, 118447096.50 ns, 118.4471 ms/op
WorkloadResult   5: 1 op, 101046250.50 ns, 101.0463 ms/op
WorkloadResult   6: 1 op, 91299473.50 ns, 91.2995 ms/op
WorkloadResult   7: 1 op, 63226404.50 ns, 63.2264 ms/op
WorkloadResult   8: 1 op, 88159690.50 ns, 88.1597 ms/op
WorkloadResult   9: 1 op, 56123736.50 ns, 56.1237 ms/op
WorkloadResult  10: 1 op, 97468173.50 ns, 97.4682 ms/op
WorkloadResult  11: 1 op, 83741201.50 ns, 83.7412 ms/op
WorkloadResult  12: 1 op, 92369030.50 ns, 92.3690 ms/op
WorkloadResult  13: 1 op, 73164289.50 ns, 73.1643 ms/op
WorkloadResult  14: 1 op, 88924859.50 ns, 88.9249 ms/op
WorkloadResult  15: 1 op, 90387044.50 ns, 90.3870 ms/op
WorkloadResult  16: 1 op, 84148941.50 ns, 84.1489 ms/op
WorkloadResult  17: 1 op, 78543647.50 ns, 78.5436 ms/op
WorkloadResult  18: 1 op, 82376748.50 ns, 82.3767 ms/op
WorkloadResult  19: 1 op, 84499590.50 ns, 84.4996 ms/op
WorkloadResult  20: 1 op, 94650070.50 ns, 94.6501 ms/op
WorkloadResult  21: 1 op, 71170994.50 ns, 71.1710 ms/op
WorkloadResult  22: 1 op, 76923509.50 ns, 76.9235 ms/op
WorkloadResult  23: 1 op, 94748226.50 ns, 94.7482 ms/op
WorkloadResult  24: 1 op, 77165715.50 ns, 77.1657 ms/op
WorkloadResult  25: 1 op, 78911221.50 ns, 78.9112 ms/op
WorkloadResult  26: 1 op, 66950640.50 ns, 66.9506 ms/op
WorkloadResult  27: 1 op, 89282804.50 ns, 89.2828 ms/op
WorkloadResult  28: 1 op, 57572476.50 ns, 57.5725 ms/op
WorkloadResult  29: 1 op, 58046375.50 ns, 58.0464 ms/op
WorkloadResult  30: 1 op, 61123796.50 ns, 61.1238 ms/op
WorkloadResult  31: 1 op, 57968152.50 ns, 57.9682 ms/op
WorkloadResult  32: 1 op, 58952513.50 ns, 58.9525 ms/op
WorkloadResult  33: 1 op, 57396603.50 ns, 57.3966 ms/op
WorkloadResult  34: 1 op, 55823656.50 ns, 55.8237 ms/op
WorkloadResult  35: 1 op, 56798170.50 ns, 56.7982 ms/op
WorkloadResult  36: 1 op, 61857570.50 ns, 61.8576 ms/op
WorkloadResult  37: 1 op, 84860293.50 ns, 84.8603 ms/op
WorkloadResult  38: 1 op, 59168810.50 ns, 59.1688 ms/op
WorkloadResult  39: 1 op, 69864777.50 ns, 69.8648 ms/op
WorkloadResult  40: 1 op, 52379200.50 ns, 52.3792 ms/op
WorkloadResult  41: 1 op, 61831618.50 ns, 61.8316 ms/op
WorkloadResult  42: 1 op, 62864875.50 ns, 62.8649 ms/op
WorkloadResult  43: 1 op, 55246117.50 ns, 55.2461 ms/op
WorkloadResult  44: 1 op, 56115847.50 ns, 56.1158 ms/op
WorkloadResult  45: 1 op, 52897604.50 ns, 52.8976 ms/op
WorkloadResult  46: 1 op, 52942118.50 ns, 52.9421 ms/op
WorkloadResult  47: 1 op, 55826719.50 ns, 55.8267 ms/op
WorkloadResult  48: 1 op, 93243522.50 ns, 93.2435 ms/op
WorkloadResult  49: 1 op, 92053373.50 ns, 92.0534 ms/op
WorkloadResult  50: 1 op, 88529966.50 ns, 88.5300 ms/op
WorkloadResult  51: 1 op, 93658634.50 ns, 93.6586 ms/op
WorkloadResult  52: 1 op, 76126133.50 ns, 76.1261 ms/op
WorkloadResult  53: 1 op, 90975055.50 ns, 90.9751 ms/op
WorkloadResult  54: 1 op, 94280057.50 ns, 94.2801 ms/op
WorkloadResult  55: 1 op, 91769244.50 ns, 91.7692 ms/op
WorkloadResult  56: 1 op, 93673492.50 ns, 93.6735 ms/op
WorkloadResult  57: 1 op, 91993281.50 ns, 91.9933 ms/op
WorkloadResult  58: 1 op, 94480118.50 ns, 94.4801 ms/op
WorkloadResult  59: 1 op, 94842417.50 ns, 94.8424 ms/op
WorkloadResult  60: 1 op, 96438384.50 ns, 96.4384 ms/op
WorkloadResult  61: 1 op, 63508530.50 ns, 63.5085 ms/op
WorkloadResult  62: 1 op, 91019543.50 ns, 91.0195 ms/op
WorkloadResult  63: 1 op, 90033915.50 ns, 90.0339 ms/op
WorkloadResult  64: 1 op, 92080723.50 ns, 92.0807 ms/op
WorkloadResult  65: 1 op, 92999582.50 ns, 92.9996 ms/op
WorkloadResult  66: 1 op, 91541958.50 ns, 91.5420 ms/op
WorkloadResult  67: 1 op, 87099420.50 ns, 87.0994 ms/op
WorkloadResult  68: 1 op, 90920198.50 ns, 90.9202 ms/op
WorkloadResult  69: 1 op, 88649685.50 ns, 88.6497 ms/op
WorkloadResult  70: 1 op, 95193782.50 ns, 95.1938 ms/op
WorkloadResult  71: 1 op, 88582704.50 ns, 88.5827 ms/op
WorkloadResult  72: 1 op, 92412964.50 ns, 92.4130 ms/op
WorkloadResult  73: 1 op, 91232300.50 ns, 91.2323 ms/op
WorkloadResult  74: 1 op, 91229042.50 ns, 91.2290 ms/op
WorkloadResult  75: 1 op, 94635397.50 ns, 94.6354 ms/op
WorkloadResult  76: 1 op, 81898516.50 ns, 81.8985 ms/op
WorkloadResult  77: 1 op, 95101432.50 ns, 95.1014 ms/op
WorkloadResult  78: 1 op, 99058726.50 ns, 99.0587 ms/op
WorkloadResult  79: 1 op, 91579862.50 ns, 91.5799 ms/op
WorkloadResult  80: 1 op, 91164048.50 ns, 91.1640 ms/op
WorkloadResult  81: 1 op, 92841276.50 ns, 92.8413 ms/op
WorkloadResult  82: 1 op, 93039855.50 ns, 93.0399 ms/op
WorkloadResult  83: 1 op, 91417835.50 ns, 91.4178 ms/op
// GC:  0 0 0 524904 1
// Threading:  0 5 1

// AfterAll
// Benchmark Process 175455 has exited with code 0.

Mean = 81.407 ms, StdErr = 1.704 ms (2.09%), N = 83, StdDev = 15.526 ms
Min = 52.379 ms, Q1 = 65.230 ms, Median = 88.625 ms, Q3 = 92.391 ms, Max = 118.447 ms
IQR = 27.161 ms, LowerFence = 24.487 ms, UpperFence = 133.133 ms
ConfidenceInterval = [75.590 ms; 87.224 ms] (CI 99.9%), Margin = 5.817 ms (7.15% of Mean)
Skewness = -0.53, Kurtosis = 2.09, MValue = 2.73

// ** Remained 4 (66.7 %) benchmark(s) to run. Estimated finish 2026-08-31 20:30 (0h 0m from now) **
// **************************
// Benchmark: MpscBenchmark.UnsafeRingBuffer_MPSC: Job-CNUJVU(InvocationCount=1, UnrollFactor=1) [ProducerCount=4, ItemsPerProducer=1000000]
// *** Execute ***
// Launch: 1 / 1
// Execute: dotnet SweetLib.Benchmarks-Job-CNUJVU-1.dll --anonymousPipes 125 126 --benchmarkName "MpscBenchmark.UnsafeRingBuffer_MPSC(ProducerCount: 4, ItemsPerProducer: 1000000)" --job "InvocationCount=1, UnrollFactor=1" --benchmarkId 2 in /home/zynres/Projects/sweet-log/libraries/sweetlib-collections/src/SweetLib.Benchmarks/bin/Release/net10.0/SweetLib.Benchmarks-Job-CNUJVU-1/bin/Release/net10.0
// Failed to set up high priority (Permission denied). In order to run benchmarks with high priority, make sure you have the right permissions.
// BeforeAnythingElse

// Benchmark Process Environment Information:
// BenchmarkDotNet v0.15.8
// Runtime=.NET 10.0.11 (10.0.11, 42.42.42.42424), X64 RyuJIT x86-64-v3
// GC=Concurrent Workstation
// HardwareIntrinsics=AVX2+BMI1+BMI2+F16C+FMA+LZCNT+MOVBE,AVX,SSE3+SSSE3+SSE4.1+SSE4.2+POPCNT,X86Base+SSE+SSE2,AES+PCLMUL,AvxVnni,SERIALIZE VectorSize=256
// Job: Job-CNUJVU(InvocationCount=1, UnrollFactor=1)

OverheadJitting  1: 1 op, 129612.00 ns, 129.6120 us/op
WorkloadJitting  1: 1 op, 429769623.00 ns, 429.7696 ms/op

OverheadWarmup   1: 1 op, 1596.00 ns, 1.5960 us/op
OverheadWarmup   2: 1 op, 451.00 ns, 451.0000 ns/op
OverheadWarmup   3: 1 op, 44.00 ns, 44.0000 ns/op
OverheadWarmup   4: 1 op, 44.00 ns, 44.0000 ns/op
OverheadWarmup   5: 1 op, 138.00 ns, 138.0000 ns/op
OverheadWarmup   6: 1 op, 46.00 ns, 46.0000 ns/op
OverheadWarmup   7: 1 op, 49.00 ns, 49.0000 ns/op

OverheadActual   1: 1 op, 233.00 ns, 233.0000 ns/op
OverheadActual   2: 1 op, 202.00 ns, 202.0000 ns/op
OverheadActual   3: 1 op, 176.00 ns, 176.0000 ns/op
OverheadActual   4: 1 op, 121.00 ns, 121.0000 ns/op
OverheadActual   5: 1 op, 203.00 ns, 203.0000 ns/op
OverheadActual   6: 1 op, 79.00 ns, 79.0000 ns/op
OverheadActual   7: 1 op, 48.00 ns, 48.0000 ns/op
OverheadActual   8: 1 op, 47.00 ns, 47.0000 ns/op
OverheadActual   9: 1 op, 31.00 ns, 31.0000 ns/op
OverheadActual  10: 1 op, 59.00 ns, 59.0000 ns/op
OverheadActual  11: 1 op, 33.00 ns, 33.0000 ns/op
OverheadActual  12: 1 op, 53.00 ns, 53.0000 ns/op
OverheadActual  13: 1 op, 62.00 ns, 62.0000 ns/op
OverheadActual  14: 1 op, 68.00 ns, 68.0000 ns/op
OverheadActual  15: 1 op, 65.00 ns, 65.0000 ns/op
OverheadActual  16: 1 op, 46.00 ns, 46.0000 ns/op
OverheadActual  17: 1 op, 39.00 ns, 39.0000 ns/op
OverheadActual  18: 1 op, 194.00 ns, 194.0000 ns/op
OverheadActual  19: 1 op, 40.00 ns, 40.0000 ns/op
OverheadActual  20: 1 op, 38.00 ns, 38.0000 ns/op

WorkloadWarmup   1: 1 op, 606562092.00 ns, 606.5621 ms/op
WorkloadWarmup   2: 1 op, 481101114.00 ns, 481.1011 ms/op
WorkloadWarmup   3: 1 op, 497950695.00 ns, 497.9507 ms/op
WorkloadWarmup   4: 1 op, 455998746.00 ns, 455.9987 ms/op
WorkloadWarmup   5: 1 op, 475854167.00 ns, 475.8542 ms/op
WorkloadWarmup   6: 1 op, 523812851.00 ns, 523.8129 ms/op
WorkloadWarmup   7: 1 op, 486336904.00 ns, 486.3369 ms/op

// BeforeActualRun
WorkloadActual   1: 1 op, 509493005.00 ns, 509.4930 ms/op
WorkloadActual   2: 1 op, 520976830.00 ns, 520.9768 ms/op
WorkloadActual   3: 1 op, 535996440.00 ns, 535.9964 ms/op
WorkloadActual   4: 1 op, 495935049.00 ns, 495.9350 ms/op
WorkloadActual   5: 1 op, 462904887.00 ns, 462.9049 ms/op
WorkloadActual   6: 1 op, 488906324.00 ns, 488.9063 ms/op
WorkloadActual   7: 1 op, 498723004.00 ns, 498.7230 ms/op
WorkloadActual   8: 1 op, 438741494.00 ns, 438.7415 ms/op
WorkloadActual   9: 1 op, 461192302.00 ns, 461.1923 ms/op
WorkloadActual  10: 1 op, 498813086.00 ns, 498.8131 ms/op
WorkloadActual  11: 1 op, 457925493.00 ns, 457.9255 ms/op
WorkloadActual  12: 1 op, 475577494.00 ns, 475.5775 ms/op
WorkloadActual  13: 1 op, 451118377.00 ns, 451.1184 ms/op
WorkloadActual  14: 1 op, 474266939.00 ns, 474.2669 ms/op
WorkloadActual  15: 1 op, 452048934.00 ns, 452.0489 ms/op
WorkloadActual  16: 1 op, 475283682.00 ns, 475.2837 ms/op
WorkloadActual  17: 1 op, 453245572.00 ns, 453.2456 ms/op
WorkloadActual  18: 1 op, 478553327.00 ns, 478.5533 ms/op
WorkloadActual  19: 1 op, 451179952.00 ns, 451.1800 ms/op
WorkloadActual  20: 1 op, 440047465.00 ns, 440.0475 ms/op
WorkloadActual  21: 1 op, 522086786.00 ns, 522.0868 ms/op
WorkloadActual  22: 1 op, 486185123.00 ns, 486.1851 ms/op
WorkloadActual  23: 1 op, 465220715.00 ns, 465.2207 ms/op
WorkloadActual  24: 1 op, 529427166.00 ns, 529.4272 ms/op
WorkloadActual  25: 1 op, 496837217.00 ns, 496.8372 ms/op
WorkloadActual  26: 1 op, 499078862.00 ns, 499.0789 ms/op
WorkloadActual  27: 1 op, 489321375.00 ns, 489.3214 ms/op
WorkloadActual  28: 1 op, 468485217.00 ns, 468.4852 ms/op
WorkloadActual  29: 1 op, 494500672.00 ns, 494.5007 ms/op
WorkloadActual  30: 1 op, 466793163.00 ns, 466.7932 ms/op
WorkloadActual  31: 1 op, 485242125.00 ns, 485.2421 ms/op
WorkloadActual  32: 1 op, 451893092.00 ns, 451.8931 ms/op
WorkloadActual  33: 1 op, 482277257.00 ns, 482.2773 ms/op
WorkloadActual  34: 1 op, 451012481.00 ns, 451.0125 ms/op
WorkloadActual  35: 1 op, 377300730.00 ns, 377.3007 ms/op
WorkloadActual  36: 1 op, 514011176.00 ns, 514.0112 ms/op
WorkloadActual  37: 1 op, 527109295.00 ns, 527.1093 ms/op
WorkloadActual  38: 1 op, 528694709.00 ns, 528.6947 ms/op
WorkloadActual  39: 1 op, 532031721.00 ns, 532.0317 ms/op
WorkloadActual  40: 1 op, 528885161.00 ns, 528.8852 ms/op
WorkloadActual  41: 1 op, 472864220.00 ns, 472.8642 ms/op
WorkloadActual  42: 1 op, 521500276.00 ns, 521.5003 ms/op
WorkloadActual  43: 1 op, 451222121.00 ns, 451.2221 ms/op
WorkloadActual  44: 1 op, 480155114.00 ns, 480.1551 ms/op
WorkloadActual  45: 1 op, 475155620.00 ns, 475.1556 ms/op
WorkloadActual  46: 1 op, 469478527.00 ns, 469.4785 ms/op
WorkloadActual  47: 1 op, 469137041.00 ns, 469.1370 ms/op
WorkloadActual  48: 1 op, 522901649.00 ns, 522.9016 ms/op
WorkloadActual  49: 1 op, 530036917.00 ns, 530.0369 ms/op
WorkloadActual  50: 1 op, 451910693.00 ns, 451.9107 ms/op
WorkloadActual  51: 1 op, 478797813.00 ns, 478.7978 ms/op
WorkloadActual  52: 1 op, 520255259.00 ns, 520.2553 ms/op
WorkloadActual  53: 1 op, 476053569.00 ns, 476.0536 ms/op
WorkloadActual  54: 1 op, 497881409.00 ns, 497.8814 ms/op
WorkloadActual  55: 1 op, 512685491.00 ns, 512.6855 ms/op
WorkloadActual  56: 1 op, 449185232.00 ns, 449.1852 ms/op
WorkloadActual  57: 1 op, 529507717.00 ns, 529.5077 ms/op
WorkloadActual  58: 1 op, 470139277.00 ns, 470.1393 ms/op
WorkloadActual  59: 1 op, 389804469.00 ns, 389.8045 ms/op
WorkloadActual  60: 1 op, 455048264.00 ns, 455.0483 ms/op
WorkloadActual  61: 1 op, 518618088.00 ns, 518.6181 ms/op
WorkloadActual  62: 1 op, 502871961.00 ns, 502.8720 ms/op
WorkloadActual  63: 1 op, 519311742.00 ns, 519.3117 ms/op
WorkloadActual  64: 1 op, 530157636.00 ns, 530.1576 ms/op
WorkloadActual  65: 1 op, 499127663.00 ns, 499.1277 ms/op
WorkloadActual  66: 1 op, 546069474.00 ns, 546.0695 ms/op
WorkloadActual  67: 1 op, 500322588.00 ns, 500.3226 ms/op
WorkloadActual  68: 1 op, 541567407.00 ns, 541.5674 ms/op
WorkloadActual  69: 1 op, 525882306.00 ns, 525.8823 ms/op
WorkloadActual  70: 1 op, 529117822.00 ns, 529.1178 ms/op
WorkloadActual  71: 1 op, 470577765.00 ns, 470.5778 ms/op
WorkloadActual  72: 1 op, 500092695.00 ns, 500.0927 ms/op
WorkloadActual  73: 1 op, 495008601.00 ns, 495.0086 ms/op
WorkloadActual  74: 1 op, 547677096.00 ns, 547.6771 ms/op
WorkloadActual  75: 1 op, 528984633.00 ns, 528.9846 ms/op
WorkloadActual  76: 1 op, 527121292.00 ns, 527.1213 ms/op
WorkloadActual  77: 1 op, 495395358.00 ns, 495.3954 ms/op
WorkloadActual  78: 1 op, 499353509.00 ns, 499.3535 ms/op
WorkloadActual  79: 1 op, 525546886.00 ns, 525.5469 ms/op
WorkloadActual  80: 1 op, 505502298.00 ns, 505.5023 ms/op
WorkloadActual  81: 1 op, 463644048.00 ns, 463.6440 ms/op
WorkloadActual  82: 1 op, 463271092.00 ns, 463.2711 ms/op
WorkloadActual  83: 1 op, 523968821.00 ns, 523.9688 ms/op
WorkloadActual  84: 1 op, 547071362.00 ns, 547.0714 ms/op
WorkloadActual  85: 1 op, 545743912.00 ns, 545.7439 ms/op
WorkloadActual  86: 1 op, 499548919.00 ns, 499.5489 ms/op
WorkloadActual  87: 1 op, 467693889.00 ns, 467.6939 ms/op
WorkloadActual  88: 1 op, 501484590.00 ns, 501.4846 ms/op
WorkloadActual  89: 1 op, 497803434.00 ns, 497.8034 ms/op
WorkloadActual  90: 1 op, 545359700.00 ns, 545.3597 ms/op
WorkloadActual  91: 1 op, 548954723.00 ns, 548.9547 ms/op
WorkloadActual  92: 1 op, 526134452.00 ns, 526.1345 ms/op
WorkloadActual  93: 1 op, 494827396.00 ns, 494.8274 ms/op
WorkloadActual  94: 1 op, 498976650.00 ns, 498.9767 ms/op
WorkloadActual  95: 1 op, 532037188.00 ns, 532.0372 ms/op
WorkloadActual  96: 1 op, 522661883.00 ns, 522.6619 ms/op
WorkloadActual  97: 1 op, 534119333.00 ns, 534.1193 ms/op
WorkloadActual  98: 1 op, 544969374.00 ns, 544.9694 ms/op
WorkloadActual  99: 1 op, 501756679.00 ns, 501.7567 ms/op
WorkloadActual  100: 1 op, 466468218.00 ns, 466.4682 ms/op

// AfterActualRun
WorkloadResult   1: 1 op, 509492944.50 ns, 509.4929 ms/op
WorkloadResult   2: 1 op, 520976769.50 ns, 520.9768 ms/op
WorkloadResult   3: 1 op, 535996379.50 ns, 535.9964 ms/op
WorkloadResult   4: 1 op, 495934988.50 ns, 495.9350 ms/op
WorkloadResult   5: 1 op, 462904826.50 ns, 462.9048 ms/op
WorkloadResult   6: 1 op, 488906263.50 ns, 488.9063 ms/op
WorkloadResult   7: 1 op, 498722943.50 ns, 498.7229 ms/op
WorkloadResult   8: 1 op, 438741433.50 ns, 438.7414 ms/op
WorkloadResult   9: 1 op, 461192241.50 ns, 461.1922 ms/op
WorkloadResult  10: 1 op, 498813025.50 ns, 498.8130 ms/op
WorkloadResult  11: 1 op, 457925432.50 ns, 457.9254 ms/op
WorkloadResult  12: 1 op, 475577433.50 ns, 475.5774 ms/op
WorkloadResult  13: 1 op, 451118316.50 ns, 451.1183 ms/op
WorkloadResult  14: 1 op, 474266878.50 ns, 474.2669 ms/op
WorkloadResult  15: 1 op, 452048873.50 ns, 452.0489 ms/op
WorkloadResult  16: 1 op, 475283621.50 ns, 475.2836 ms/op
WorkloadResult  17: 1 op, 453245511.50 ns, 453.2455 ms/op
WorkloadResult  18: 1 op, 478553266.50 ns, 478.5533 ms/op
WorkloadResult  19: 1 op, 451179891.50 ns, 451.1799 ms/op
WorkloadResult  20: 1 op, 440047404.50 ns, 440.0474 ms/op
WorkloadResult  21: 1 op, 522086725.50 ns, 522.0867 ms/op
WorkloadResult  22: 1 op, 486185062.50 ns, 486.1851 ms/op
WorkloadResult  23: 1 op, 465220654.50 ns, 465.2207 ms/op
WorkloadResult  24: 1 op, 529427105.50 ns, 529.4271 ms/op
WorkloadResult  25: 1 op, 496837156.50 ns, 496.8372 ms/op
WorkloadResult  26: 1 op, 499078801.50 ns, 499.0788 ms/op
WorkloadResult  27: 1 op, 489321314.50 ns, 489.3213 ms/op
WorkloadResult  28: 1 op, 468485156.50 ns, 468.4852 ms/op
WorkloadResult  29: 1 op, 494500611.50 ns, 494.5006 ms/op
WorkloadResult  30: 1 op, 466793102.50 ns, 466.7931 ms/op
WorkloadResult  31: 1 op, 485242064.50 ns, 485.2421 ms/op
WorkloadResult  32: 1 op, 451893031.50 ns, 451.8930 ms/op
WorkloadResult  33: 1 op, 482277196.50 ns, 482.2772 ms/op
WorkloadResult  34: 1 op, 451012420.50 ns, 451.0124 ms/op
WorkloadResult  35: 1 op, 377300669.50 ns, 377.3007 ms/op
WorkloadResult  36: 1 op, 514011115.50 ns, 514.0111 ms/op
WorkloadResult  37: 1 op, 527109234.50 ns, 527.1092 ms/op
WorkloadResult  38: 1 op, 528694648.50 ns, 528.6946 ms/op
WorkloadResult  39: 1 op, 532031660.50 ns, 532.0317 ms/op
WorkloadResult  40: 1 op, 528885100.50 ns, 528.8851 ms/op
WorkloadResult  41: 1 op, 472864159.50 ns, 472.8642 ms/op
WorkloadResult  42: 1 op, 521500215.50 ns, 521.5002 ms/op
WorkloadResult  43: 1 op, 451222060.50 ns, 451.2221 ms/op
WorkloadResult  44: 1 op, 480155053.50 ns, 480.1551 ms/op
WorkloadResult  45: 1 op, 475155559.50 ns, 475.1556 ms/op
WorkloadResult  46: 1 op, 469478466.50 ns, 469.4785 ms/op
WorkloadResult  47: 1 op, 469136980.50 ns, 469.1370 ms/op
WorkloadResult  48: 1 op, 522901588.50 ns, 522.9016 ms/op
WorkloadResult  49: 1 op, 530036856.50 ns, 530.0369 ms/op
WorkloadResult  50: 1 op, 451910632.50 ns, 451.9106 ms/op
WorkloadResult  51: 1 op, 478797752.50 ns, 478.7978 ms/op
WorkloadResult  52: 1 op, 520255198.50 ns, 520.2552 ms/op
WorkloadResult  53: 1 op, 476053508.50 ns, 476.0535 ms/op
WorkloadResult  54: 1 op, 497881348.50 ns, 497.8813 ms/op
WorkloadResult  55: 1 op, 512685430.50 ns, 512.6854 ms/op
WorkloadResult  56: 1 op, 449185171.50 ns, 449.1852 ms/op
WorkloadResult  57: 1 op, 529507656.50 ns, 529.5077 ms/op
WorkloadResult  58: 1 op, 470139216.50 ns, 470.1392 ms/op
WorkloadResult  59: 1 op, 389804408.50 ns, 389.8044 ms/op
WorkloadResult  60: 1 op, 455048203.50 ns, 455.0482 ms/op
WorkloadResult  61: 1 op, 518618027.50 ns, 518.6180 ms/op
WorkloadResult  62: 1 op, 502871900.50 ns, 502.8719 ms/op
WorkloadResult  63: 1 op, 519311681.50 ns, 519.3117 ms/op
WorkloadResult  64: 1 op, 530157575.50 ns, 530.1576 ms/op
WorkloadResult  65: 1 op, 499127602.50 ns, 499.1276 ms/op
WorkloadResult  66: 1 op, 546069413.50 ns, 546.0694 ms/op
WorkloadResult  67: 1 op, 500322527.50 ns, 500.3225 ms/op
WorkloadResult  68: 1 op, 541567346.50 ns, 541.5673 ms/op
WorkloadResult  69: 1 op, 525882245.50 ns, 525.8822 ms/op
WorkloadResult  70: 1 op, 529117761.50 ns, 529.1178 ms/op
WorkloadResult  71: 1 op, 470577704.50 ns, 470.5777 ms/op
WorkloadResult  72: 1 op, 500092634.50 ns, 500.0926 ms/op
WorkloadResult  73: 1 op, 495008540.50 ns, 495.0085 ms/op
WorkloadResult  74: 1 op, 547677035.50 ns, 547.6770 ms/op
WorkloadResult  75: 1 op, 528984572.50 ns, 528.9846 ms/op
WorkloadResult  76: 1 op, 527121231.50 ns, 527.1212 ms/op
WorkloadResult  77: 1 op, 495395297.50 ns, 495.3953 ms/op
WorkloadResult  78: 1 op, 499353448.50 ns, 499.3534 ms/op
WorkloadResult  79: 1 op, 525546825.50 ns, 525.5468 ms/op
WorkloadResult  80: 1 op, 505502237.50 ns, 505.5022 ms/op
WorkloadResult  81: 1 op, 463643987.50 ns, 463.6440 ms/op
WorkloadResult  82: 1 op, 463271031.50 ns, 463.2710 ms/op
WorkloadResult  83: 1 op, 523968760.50 ns, 523.9688 ms/op
WorkloadResult  84: 1 op, 547071301.50 ns, 547.0713 ms/op
WorkloadResult  85: 1 op, 545743851.50 ns, 545.7439 ms/op
WorkloadResult  86: 1 op, 499548858.50 ns, 499.5489 ms/op
WorkloadResult  87: 1 op, 467693828.50 ns, 467.6938 ms/op
WorkloadResult  88: 1 op, 501484529.50 ns, 501.4845 ms/op
WorkloadResult  89: 1 op, 497803373.50 ns, 497.8034 ms/op
WorkloadResult  90: 1 op, 545359639.50 ns, 545.3596 ms/op
WorkloadResult  91: 1 op, 548954662.50 ns, 548.9547 ms/op
WorkloadResult  92: 1 op, 526134391.50 ns, 526.1344 ms/op
WorkloadResult  93: 1 op, 494827335.50 ns, 494.8273 ms/op
WorkloadResult  94: 1 op, 498976589.50 ns, 498.9766 ms/op
WorkloadResult  95: 1 op, 532037127.50 ns, 532.0371 ms/op
WorkloadResult  96: 1 op, 522661822.50 ns, 522.6618 ms/op
WorkloadResult  97: 1 op, 534119272.50 ns, 534.1193 ms/op
WorkloadResult  98: 1 op, 544969313.50 ns, 544.9693 ms/op
WorkloadResult  99: 1 op, 501756618.50 ns, 501.7566 ms/op
WorkloadResult  100: 1 op, 466468157.50 ns, 466.4682 ms/op
// GC:  0 0 0 856 1
// Threading:  0 0 1

// AfterAll
// Benchmark Process 175655 has exited with code 0.

Mean = 494.758 ms, StdErr = 3.395 ms (0.69%), N = 100, StdDev = 33.952 ms
Min = 377.301 ms, Q1 = 469.393 ms, Median = 498.302 ms, Q3 = 524.363 ms, Max = 548.955 ms
IQR = 54.970 ms, LowerFence = 386.938 ms, UpperFence = 606.819 ms
ConfidenceInterval = [483.243 ms; 506.273 ms] (CI 99.9%), Margin = 11.515 ms (2.33% of Mean)
Skewness = -0.6, Kurtosis = 3.48, MValue = 3.69

// ** Remained 3 (50.0 %) benchmark(s) to run. Estimated finish 2026-08-31 20:31 (0h 1m from now) **
// **************************
// Benchmark: MpscBenchmark.SystemThreadingChannel_MPSC: Job-CNUJVU(InvocationCount=1, UnrollFactor=1) [ProducerCount=4, ItemsPerProducer=1000000]
// *** Execute ***
// Launch: 1 / 1
// Execute: dotnet SweetLib.Benchmarks-Job-CNUJVU-1.dll --anonymousPipes 125 126 --benchmarkName "MpscBenchmark.SystemThreadingChannel_MPSC(ProducerCount: 4, ItemsPerProducer: 1000000)" --job "InvocationCount=1, UnrollFactor=1" --benchmarkId 3 in /home/zynres/Projects/sweet-log/libraries/sweetlib-collections/src/SweetLib.Benchmarks/bin/Release/net10.0/SweetLib.Benchmarks-Job-CNUJVU-1/bin/Release/net10.0
// Failed to set up high priority (Permission denied). In order to run benchmarks with high priority, make sure you have the right permissions.
// BeforeAnythingElse

// Benchmark Process Environment Information:
// BenchmarkDotNet v0.15.8
// Runtime=.NET 10.0.11 (10.0.11, 42.42.42.42424), X64 RyuJIT x86-64-v3
// GC=Concurrent Workstation
// HardwareIntrinsics=AVX2+BMI1+BMI2+F16C+FMA+LZCNT+MOVBE,AVX,SSE3+SSSE3+SSE4.1+SSE4.2+POPCNT,X86Base+SSE+SSE2,AES+PCLMUL,AvxVnni,SERIALIZE VectorSize=256
// Job: Job-CNUJVU(InvocationCount=1, UnrollFactor=1)

OverheadJitting  1: 1 op, 128594.00 ns, 128.5940 us/op
WorkloadJitting  1: 1 op, 1874639731.00 ns, 1.8746 s/op

OverheadWarmup   1: 1 op, 621.00 ns, 621.0000 ns/op
OverheadWarmup   2: 1 op, 69.00 ns, 69.0000 ns/op
OverheadWarmup   3: 1 op, 43.00 ns, 43.0000 ns/op
OverheadWarmup   4: 1 op, 49.00 ns, 49.0000 ns/op
OverheadWarmup   5: 1 op, 154.00 ns, 154.0000 ns/op
OverheadWarmup   6: 1 op, 50.00 ns, 50.0000 ns/op
OverheadWarmup   7: 1 op, 42.00 ns, 42.0000 ns/op
OverheadWarmup   8: 1 op, 47.00 ns, 47.0000 ns/op
OverheadWarmup   9: 1 op, 49.00 ns, 49.0000 ns/op
OverheadWarmup  10: 1 op, 34.00 ns, 34.0000 ns/op

OverheadActual   1: 1 op, 185.00 ns, 185.0000 ns/op
OverheadActual   2: 1 op, 189.00 ns, 189.0000 ns/op
OverheadActual   3: 1 op, 179.00 ns, 179.0000 ns/op
OverheadActual   4: 1 op, 89.00 ns, 89.0000 ns/op
OverheadActual   5: 1 op, 196.00 ns, 196.0000 ns/op
OverheadActual   6: 1 op, 56.00 ns, 56.0000 ns/op
OverheadActual   7: 1 op, 44.00 ns, 44.0000 ns/op
OverheadActual   8: 1 op, 41.00 ns, 41.0000 ns/op
OverheadActual   9: 1 op, 44.00 ns, 44.0000 ns/op
OverheadActual  10: 1 op, 49.00 ns, 49.0000 ns/op
OverheadActual  11: 1 op, 47.00 ns, 47.0000 ns/op
OverheadActual  12: 1 op, 42.00 ns, 42.0000 ns/op
OverheadActual  13: 1 op, 57.00 ns, 57.0000 ns/op
OverheadActual  14: 1 op, 44.00 ns, 44.0000 ns/op
OverheadActual  15: 1 op, 41.00 ns, 41.0000 ns/op
OverheadActual  16: 1 op, 34.00 ns, 34.0000 ns/op
OverheadActual  17: 1 op, 41.00 ns, 41.0000 ns/op
OverheadActual  18: 1 op, 139.00 ns, 139.0000 ns/op
OverheadActual  19: 1 op, 40.00 ns, 40.0000 ns/op
OverheadActual  20: 1 op, 330.00 ns, 330.0000 ns/op

WorkloadWarmup   1: 1 op, 1541486079.00 ns, 1.5415 s/op
WorkloadWarmup   2: 1 op, 1695738479.00 ns, 1.6957 s/op
WorkloadWarmup   3: 1 op, 1760770189.00 ns, 1.7608 s/op
WorkloadWarmup   4: 1 op, 1568311116.00 ns, 1.5683 s/op
WorkloadWarmup   5: 1 op, 1635077990.00 ns, 1.6351 s/op
WorkloadWarmup   6: 1 op, 1579132688.00 ns, 1.5791 s/op

// BeforeActualRun
WorkloadActual   1: 1 op, 1451605446.00 ns, 1.4516 s/op
WorkloadActual   2: 1 op, 1687757799.00 ns, 1.6878 s/op
WorkloadActual   3: 1 op, 1730369554.00 ns, 1.7304 s/op
WorkloadActual   4: 1 op, 1773017133.00 ns, 1.7730 s/op
WorkloadActual   5: 1 op, 1794820945.00 ns, 1.7948 s/op
WorkloadActual   6: 1 op, 1656950000.00 ns, 1.6570 s/op
WorkloadActual   7: 1 op, 1535402653.00 ns, 1.5354 s/op
WorkloadActual   8: 1 op, 1579165858.00 ns, 1.5792 s/op
WorkloadActual   9: 1 op, 1519064199.00 ns, 1.5191 s/op
WorkloadActual  10: 1 op, 1433382695.00 ns, 1.4334 s/op
WorkloadActual  11: 1 op, 1319470661.00 ns, 1.3195 s/op
WorkloadActual  12: 1 op, 1404342397.00 ns, 1.4043 s/op
WorkloadActual  13: 1 op, 1472916369.00 ns, 1.4729 s/op
WorkloadActual  14: 1 op, 1305694241.00 ns, 1.3057 s/op
WorkloadActual  15: 1 op, 1364457570.00 ns, 1.3645 s/op
WorkloadActual  16: 1 op, 1328902527.00 ns, 1.3289 s/op
WorkloadActual  17: 1 op, 1343956116.00 ns, 1.3440 s/op
WorkloadActual  18: 1 op, 1386074253.00 ns, 1.3861 s/op
WorkloadActual  19: 1 op, 1318020162.00 ns, 1.3180 s/op
WorkloadActual  20: 1 op, 1349851215.00 ns, 1.3499 s/op
WorkloadActual  21: 1 op, 1358425419.00 ns, 1.3584 s/op
WorkloadActual  22: 1 op, 1585584757.00 ns, 1.5856 s/op
WorkloadActual  23: 1 op, 1635002129.00 ns, 1.6350 s/op
WorkloadActual  24: 1 op, 1557856195.00 ns, 1.5579 s/op
WorkloadActual  25: 1 op, 1783551214.00 ns, 1.7836 s/op
WorkloadActual  26: 1 op, 1632241134.00 ns, 1.6322 s/op
WorkloadActual  27: 1 op, 1539106801.00 ns, 1.5391 s/op
WorkloadActual  28: 1 op, 1786939326.00 ns, 1.7869 s/op
WorkloadActual  29: 1 op, 1507406501.00 ns, 1.5074 s/op
WorkloadActual  30: 1 op, 1634898988.00 ns, 1.6349 s/op
WorkloadActual  31: 1 op, 1730015429.00 ns, 1.7300 s/op
WorkloadActual  32: 1 op, 1730899934.00 ns, 1.7309 s/op
WorkloadActual  33: 1 op, 1396840551.00 ns, 1.3968 s/op
WorkloadActual  34: 1 op, 1519987861.00 ns, 1.5200 s/op
WorkloadActual  35: 1 op, 1795002547.00 ns, 1.7950 s/op
WorkloadActual  36: 1 op, 1747309485.00 ns, 1.7473 s/op
WorkloadActual  37: 1 op, 1493319253.00 ns, 1.4933 s/op
WorkloadActual  38: 1 op, 1722387910.00 ns, 1.7224 s/op
WorkloadActual  39: 1 op, 1593351398.00 ns, 1.5934 s/op
WorkloadActual  40: 1 op, 1658508179.00 ns, 1.6585 s/op
WorkloadActual  41: 1 op, 1736608344.00 ns, 1.7366 s/op
WorkloadActual  42: 1 op, 1682165592.00 ns, 1.6822 s/op
WorkloadActual  43: 1 op, 1488003449.00 ns, 1.4880 s/op
WorkloadActual  44: 1 op, 1747932624.00 ns, 1.7479 s/op
WorkloadActual  45: 1 op, 1575461039.00 ns, 1.5755 s/op
WorkloadActual  46: 1 op, 1688625724.00 ns, 1.6886 s/op
WorkloadActual  47: 1 op, 1750318052.00 ns, 1.7503 s/op
WorkloadActual  48: 1 op, 1747109144.00 ns, 1.7471 s/op
WorkloadActual  49: 1 op, 1764763669.00 ns, 1.7648 s/op
WorkloadActual  50: 1 op, 1550799253.00 ns, 1.5508 s/op
WorkloadActual  51: 1 op, 1543813387.00 ns, 1.5438 s/op
WorkloadActual  52: 1 op, 1535974977.00 ns, 1.5360 s/op
WorkloadActual  53: 1 op, 1585664899.00 ns, 1.5857 s/op
WorkloadActual  54: 1 op, 1634462118.00 ns, 1.6345 s/op
WorkloadActual  55: 1 op, 1535544195.00 ns, 1.5355 s/op
WorkloadActual  56: 1 op, 1340166149.00 ns, 1.3402 s/op
WorkloadActual  57: 1 op, 1526503586.00 ns, 1.5265 s/op
WorkloadActual  58: 1 op, 1515448445.00 ns, 1.5154 s/op
WorkloadActual  59: 1 op, 1358900800.00 ns, 1.3589 s/op
WorkloadActual  60: 1 op, 1374138559.00 ns, 1.3741 s/op
WorkloadActual  61: 1 op, 1317676005.00 ns, 1.3177 s/op
WorkloadActual  62: 1 op, 1333467453.00 ns, 1.3335 s/op
WorkloadActual  63: 1 op, 1375235573.00 ns, 1.3752 s/op
WorkloadActual  64: 1 op, 1326289289.00 ns, 1.3263 s/op
WorkloadActual  65: 1 op, 1345564492.00 ns, 1.3456 s/op
WorkloadActual  66: 1 op, 1297261325.00 ns, 1.2973 s/op
WorkloadActual  67: 1 op, 1414858528.00 ns, 1.4149 s/op
WorkloadActual  68: 1 op, 1716174444.00 ns, 1.7162 s/op
WorkloadActual  69: 1 op, 1726401397.00 ns, 1.7264 s/op
WorkloadActual  70: 1 op, 1666687376.00 ns, 1.6667 s/op
WorkloadActual  71: 1 op, 1481754480.00 ns, 1.4818 s/op
WorkloadActual  72: 1 op, 1540315920.00 ns, 1.5403 s/op
WorkloadActual  73: 1 op, 1326025247.00 ns, 1.3260 s/op
WorkloadActual  74: 1 op, 1581921886.00 ns, 1.5819 s/op
WorkloadActual  75: 1 op, 1905619363.00 ns, 1.9056 s/op
WorkloadActual  76: 1 op, 1480160204.00 ns, 1.4802 s/op
WorkloadActual  77: 1 op, 1587924413.00 ns, 1.5879 s/op
WorkloadActual  78: 1 op, 1548207517.00 ns, 1.5482 s/op
WorkloadActual  79: 1 op, 1519899076.00 ns, 1.5199 s/op
WorkloadActual  80: 1 op, 1297726794.00 ns, 1.2977 s/op
WorkloadActual  81: 1 op, 1472602573.00 ns, 1.4726 s/op
WorkloadActual  82: 1 op, 1450138249.00 ns, 1.4501 s/op
WorkloadActual  83: 1 op, 1435088291.00 ns, 1.4351 s/op
WorkloadActual  84: 1 op, 1555478880.00 ns, 1.5555 s/op
WorkloadActual  85: 1 op, 1293514212.00 ns, 1.2935 s/op
WorkloadActual  86: 1 op, 1388348300.00 ns, 1.3883 s/op
WorkloadActual  87: 1 op, 1381697722.00 ns, 1.3817 s/op
WorkloadActual  88: 1 op, 1409937926.00 ns, 1.4099 s/op
WorkloadActual  89: 1 op, 1432857036.00 ns, 1.4329 s/op
WorkloadActual  90: 1 op, 1456096851.00 ns, 1.4561 s/op
WorkloadActual  91: 1 op, 1413476448.00 ns, 1.4135 s/op
WorkloadActual  92: 1 op, 1661441431.00 ns, 1.6614 s/op
WorkloadActual  93: 1 op, 1404378375.00 ns, 1.4044 s/op
WorkloadActual  94: 1 op, 1341826839.00 ns, 1.3418 s/op
WorkloadActual  95: 1 op, 1355214274.00 ns, 1.3552 s/op
WorkloadActual  96: 1 op, 1345828576.00 ns, 1.3458 s/op
WorkloadActual  97: 1 op, 1369820622.00 ns, 1.3698 s/op
WorkloadActual  98: 1 op, 1375575896.00 ns, 1.3756 s/op
WorkloadActual  99: 1 op, 1431275375.00 ns, 1.4313 s/op
WorkloadActual  100: 1 op, 1564622527.00 ns, 1.5646 s/op

// AfterActualRun
WorkloadResult   1: 1 op, 1451605398.00 ns, 1.4516 s/op
WorkloadResult   2: 1 op, 1687757751.00 ns, 1.6878 s/op
WorkloadResult   3: 1 op, 1730369506.00 ns, 1.7304 s/op
WorkloadResult   4: 1 op, 1773017085.00 ns, 1.7730 s/op
WorkloadResult   5: 1 op, 1794820897.00 ns, 1.7948 s/op
WorkloadResult   6: 1 op, 1656949952.00 ns, 1.6569 s/op
WorkloadResult   7: 1 op, 1535402605.00 ns, 1.5354 s/op
WorkloadResult   8: 1 op, 1579165810.00 ns, 1.5792 s/op
WorkloadResult   9: 1 op, 1519064151.00 ns, 1.5191 s/op
WorkloadResult  10: 1 op, 1433382647.00 ns, 1.4334 s/op
WorkloadResult  11: 1 op, 1319470613.00 ns, 1.3195 s/op
WorkloadResult  12: 1 op, 1404342349.00 ns, 1.4043 s/op
WorkloadResult  13: 1 op, 1472916321.00 ns, 1.4729 s/op
WorkloadResult  14: 1 op, 1305694193.00 ns, 1.3057 s/op
WorkloadResult  15: 1 op, 1364457522.00 ns, 1.3645 s/op
WorkloadResult  16: 1 op, 1328902479.00 ns, 1.3289 s/op
WorkloadResult  17: 1 op, 1343956068.00 ns, 1.3440 s/op
WorkloadResult  18: 1 op, 1386074205.00 ns, 1.3861 s/op
WorkloadResult  19: 1 op, 1318020114.00 ns, 1.3180 s/op
WorkloadResult  20: 1 op, 1349851167.00 ns, 1.3499 s/op
WorkloadResult  21: 1 op, 1358425371.00 ns, 1.3584 s/op
WorkloadResult  22: 1 op, 1585584709.00 ns, 1.5856 s/op
WorkloadResult  23: 1 op, 1635002081.00 ns, 1.6350 s/op
WorkloadResult  24: 1 op, 1557856147.00 ns, 1.5579 s/op
WorkloadResult  25: 1 op, 1783551166.00 ns, 1.7836 s/op
WorkloadResult  26: 1 op, 1632241086.00 ns, 1.6322 s/op
WorkloadResult  27: 1 op, 1539106753.00 ns, 1.5391 s/op
WorkloadResult  28: 1 op, 1786939278.00 ns, 1.7869 s/op
WorkloadResult  29: 1 op, 1507406453.00 ns, 1.5074 s/op
WorkloadResult  30: 1 op, 1634898940.00 ns, 1.6349 s/op
WorkloadResult  31: 1 op, 1730015381.00 ns, 1.7300 s/op
WorkloadResult  32: 1 op, 1730899886.00 ns, 1.7309 s/op
WorkloadResult  33: 1 op, 1396840503.00 ns, 1.3968 s/op
WorkloadResult  34: 1 op, 1519987813.00 ns, 1.5200 s/op
WorkloadResult  35: 1 op, 1795002499.00 ns, 1.7950 s/op
WorkloadResult  36: 1 op, 1747309437.00 ns, 1.7473 s/op
WorkloadResult  37: 1 op, 1493319205.00 ns, 1.4933 s/op
WorkloadResult  38: 1 op, 1722387862.00 ns, 1.7224 s/op
WorkloadResult  39: 1 op, 1593351350.00 ns, 1.5934 s/op
WorkloadResult  40: 1 op, 1658508131.00 ns, 1.6585 s/op
WorkloadResult  41: 1 op, 1736608296.00 ns, 1.7366 s/op
WorkloadResult  42: 1 op, 1682165544.00 ns, 1.6822 s/op
WorkloadResult  43: 1 op, 1488003401.00 ns, 1.4880 s/op
WorkloadResult  44: 1 op, 1747932576.00 ns, 1.7479 s/op
WorkloadResult  45: 1 op, 1575460991.00 ns, 1.5755 s/op
WorkloadResult  46: 1 op, 1688625676.00 ns, 1.6886 s/op
WorkloadResult  47: 1 op, 1750318004.00 ns, 1.7503 s/op
WorkloadResult  48: 1 op, 1747109096.00 ns, 1.7471 s/op
WorkloadResult  49: 1 op, 1764763621.00 ns, 1.7648 s/op
WorkloadResult  50: 1 op, 1550799205.00 ns, 1.5508 s/op
WorkloadResult  51: 1 op, 1543813339.00 ns, 1.5438 s/op
WorkloadResult  52: 1 op, 1535974929.00 ns, 1.5360 s/op
WorkloadResult  53: 1 op, 1585664851.00 ns, 1.5857 s/op
WorkloadResult  54: 1 op, 1634462070.00 ns, 1.6345 s/op
WorkloadResult  55: 1 op, 1535544147.00 ns, 1.5355 s/op
WorkloadResult  56: 1 op, 1340166101.00 ns, 1.3402 s/op
WorkloadResult  57: 1 op, 1526503538.00 ns, 1.5265 s/op
WorkloadResult  58: 1 op, 1515448397.00 ns, 1.5154 s/op
WorkloadResult  59: 1 op, 1358900752.00 ns, 1.3589 s/op
WorkloadResult  60: 1 op, 1374138511.00 ns, 1.3741 s/op
WorkloadResult  61: 1 op, 1317675957.00 ns, 1.3177 s/op
WorkloadResult  62: 1 op, 1333467405.00 ns, 1.3335 s/op
WorkloadResult  63: 1 op, 1375235525.00 ns, 1.3752 s/op
WorkloadResult  64: 1 op, 1326289241.00 ns, 1.3263 s/op
WorkloadResult  65: 1 op, 1345564444.00 ns, 1.3456 s/op
WorkloadResult  66: 1 op, 1297261277.00 ns, 1.2973 s/op
WorkloadResult  67: 1 op, 1414858480.00 ns, 1.4149 s/op
WorkloadResult  68: 1 op, 1716174396.00 ns, 1.7162 s/op
WorkloadResult  69: 1 op, 1726401349.00 ns, 1.7264 s/op
WorkloadResult  70: 1 op, 1666687328.00 ns, 1.6667 s/op
WorkloadResult  71: 1 op, 1481754432.00 ns, 1.4818 s/op
WorkloadResult  72: 1 op, 1540315872.00 ns, 1.5403 s/op
WorkloadResult  73: 1 op, 1326025199.00 ns, 1.3260 s/op
WorkloadResult  74: 1 op, 1581921838.00 ns, 1.5819 s/op
WorkloadResult  75: 1 op, 1905619315.00 ns, 1.9056 s/op
WorkloadResult  76: 1 op, 1480160156.00 ns, 1.4802 s/op
WorkloadResult  77: 1 op, 1587924365.00 ns, 1.5879 s/op
WorkloadResult  78: 1 op, 1548207469.00 ns, 1.5482 s/op
WorkloadResult  79: 1 op, 1519899028.00 ns, 1.5199 s/op
WorkloadResult  80: 1 op, 1297726746.00 ns, 1.2977 s/op
WorkloadResult  81: 1 op, 1472602525.00 ns, 1.4726 s/op
WorkloadResult  82: 1 op, 1450138201.00 ns, 1.4501 s/op
WorkloadResult  83: 1 op, 1435088243.00 ns, 1.4351 s/op
WorkloadResult  84: 1 op, 1555478832.00 ns, 1.5555 s/op
WorkloadResult  85: 1 op, 1293514164.00 ns, 1.2935 s/op
WorkloadResult  86: 1 op, 1388348252.00 ns, 1.3883 s/op
WorkloadResult  87: 1 op, 1381697674.00 ns, 1.3817 s/op
WorkloadResult  88: 1 op, 1409937878.00 ns, 1.4099 s/op
WorkloadResult  89: 1 op, 1432856988.00 ns, 1.4329 s/op
WorkloadResult  90: 1 op, 1456096803.00 ns, 1.4561 s/op
WorkloadResult  91: 1 op, 1413476400.00 ns, 1.4135 s/op
WorkloadResult  92: 1 op, 1661441383.00 ns, 1.6614 s/op
WorkloadResult  93: 1 op, 1404378327.00 ns, 1.4044 s/op
WorkloadResult  94: 1 op, 1341826791.00 ns, 1.3418 s/op
WorkloadResult  95: 1 op, 1355214226.00 ns, 1.3552 s/op
WorkloadResult  96: 1 op, 1345828528.00 ns, 1.3458 s/op
WorkloadResult  97: 1 op, 1369820574.00 ns, 1.3698 s/op
WorkloadResult  98: 1 op, 1375575848.00 ns, 1.3756 s/op
WorkloadResult  99: 1 op, 1431275327.00 ns, 1.4313 s/op
WorkloadResult  100: 1 op, 1564622479.00 ns, 1.5646 s/op
// GC:  1 1 1 8390088 1
// Threading:  0 1937 1

// AfterAll
// Benchmark Process 176381 has exited with code 0.

Mean = 1.522 s, StdErr = 0.015 s (1.01%), N = 100, StdDev = 0.154 s
Min = 1.294 s, Q1 = 1.380 s, Median = 1.519 s, Q3 = 1.640 s, Max = 1.906 s
IQR = 0.260 s, LowerFence = 0.990 s, UpperFence = 2.031 s
ConfidenceInterval = [1.470 s; 1.574 s] (CI 99.9%), Margin = 0.052 s (3.43% of Mean)
Skewness = 0.33, Kurtosis = 1.98, MValue = 3.11

// ** Remained 2 (33.3 %) benchmark(s) to run. Estimated finish 2026-08-31 20:34 (0h 2m from now) **
// **************************
// Benchmark: MpscBenchmark.UnsafeRingBuffer_MPSC: Job-CNUJVU(InvocationCount=1, UnrollFactor=1) [ProducerCount=8, ItemsPerProducer=1000000]
// *** Execute ***
// Launch: 1 / 1
// Execute: dotnet SweetLib.Benchmarks-Job-CNUJVU-1.dll --anonymousPipes 125 126 --benchmarkName "MpscBenchmark.UnsafeRingBuffer_MPSC(ProducerCount: 8, ItemsPerProducer: 1000000)" --job "InvocationCount=1, UnrollFactor=1" --benchmarkId 4 in /home/zynres/Projects/sweet-log/libraries/sweetlib-collections/src/SweetLib.Benchmarks/bin/Release/net10.0/SweetLib.Benchmarks-Job-CNUJVU-1/bin/Release/net10.0
// Failed to set up high priority (Permission denied). In order to run benchmarks with high priority, make sure you have the right permissions.
// BeforeAnythingElse

// Benchmark Process Environment Information:
// BenchmarkDotNet v0.15.8
// Runtime=.NET 10.0.11 (10.0.11, 42.42.42.42424), X64 RyuJIT x86-64-v3
// GC=Concurrent Workstation
// HardwareIntrinsics=AVX2+BMI1+BMI2+F16C+FMA+LZCNT+MOVBE,AVX,SSE3+SSSE3+SSE4.1+SSE4.2+POPCNT,X86Base+SSE+SSE2,AES+PCLMUL,AvxVnni,SERIALIZE VectorSize=256
// Job: Job-CNUJVU(InvocationCount=1, UnrollFactor=1)

OverheadJitting  1: 1 op, 125976.00 ns, 125.9760 us/op
WorkloadJitting  1: 1 op, 1272860491.00 ns, 1.2729 s/op

OverheadWarmup   1: 1 op, 411.00 ns, 411.0000 ns/op
OverheadWarmup   2: 1 op, 134.00 ns, 134.0000 ns/op
OverheadWarmup   3: 1 op, 47.00 ns, 47.0000 ns/op
OverheadWarmup   4: 1 op, 47.00 ns, 47.0000 ns/op
OverheadWarmup   5: 1 op, 184.00 ns, 184.0000 ns/op
OverheadWarmup   6: 1 op, 107.00 ns, 107.0000 ns/op
OverheadWarmup   7: 1 op, 52.00 ns, 52.0000 ns/op
OverheadWarmup   8: 1 op, 48.00 ns, 48.0000 ns/op
OverheadWarmup   9: 1 op, 59.00 ns, 59.0000 ns/op

OverheadActual   1: 1 op, 196.00 ns, 196.0000 ns/op
OverheadActual   2: 1 op, 217.00 ns, 217.0000 ns/op
OverheadActual   3: 1 op, 212.00 ns, 212.0000 ns/op
OverheadActual   4: 1 op, 179.00 ns, 179.0000 ns/op
OverheadActual   5: 1 op, 224.00 ns, 224.0000 ns/op
OverheadActual   6: 1 op, 49.00 ns, 49.0000 ns/op
OverheadActual   7: 1 op, 35.00 ns, 35.0000 ns/op
OverheadActual   8: 1 op, 37.00 ns, 37.0000 ns/op
OverheadActual   9: 1 op, 48.00 ns, 48.0000 ns/op
OverheadActual  10: 1 op, 39.00 ns, 39.0000 ns/op
OverheadActual  11: 1 op, 28.00 ns, 28.0000 ns/op
OverheadActual  12: 1 op, 50.00 ns, 50.0000 ns/op
OverheadActual  13: 1 op, 48.00 ns, 48.0000 ns/op
OverheadActual  14: 1 op, 44.00 ns, 44.0000 ns/op
OverheadActual  15: 1 op, 51.00 ns, 51.0000 ns/op
OverheadActual  16: 1 op, 53.00 ns, 53.0000 ns/op
OverheadActual  17: 1 op, 47.00 ns, 47.0000 ns/op
OverheadActual  18: 1 op, 174.00 ns, 174.0000 ns/op
OverheadActual  19: 1 op, 73.00 ns, 73.0000 ns/op
OverheadActual  20: 1 op, 41.00 ns, 41.0000 ns/op

WorkloadWarmup   1: 1 op, 1308905239.00 ns, 1.3089 s/op
WorkloadWarmup   2: 1 op, 1273213487.00 ns, 1.2732 s/op
WorkloadWarmup   3: 1 op, 1475883642.00 ns, 1.4759 s/op
WorkloadWarmup   4: 1 op, 1334704034.00 ns, 1.3347 s/op
WorkloadWarmup   5: 1 op, 1328420429.00 ns, 1.3284 s/op
WorkloadWarmup   6: 1 op, 1469311814.00 ns, 1.4693 s/op
WorkloadWarmup   7: 1 op, 1378289768.00 ns, 1.3783 s/op

// BeforeActualRun
WorkloadActual   1: 1 op, 1118924900.00 ns, 1.1189 s/op
WorkloadActual   2: 1 op, 1232732394.00 ns, 1.2327 s/op
WorkloadActual   3: 1 op, 1205869369.00 ns, 1.2059 s/op
WorkloadActual   4: 1 op, 1297545190.00 ns, 1.2975 s/op
WorkloadActual   5: 1 op, 1288215742.00 ns, 1.2882 s/op
WorkloadActual   6: 1 op, 1336854964.00 ns, 1.3369 s/op
WorkloadActual   7: 1 op, 1243221367.00 ns, 1.2432 s/op
WorkloadActual   8: 1 op, 1156437729.00 ns, 1.1564 s/op
WorkloadActual   9: 1 op, 1240754101.00 ns, 1.2408 s/op
WorkloadActual  10: 1 op, 1583764448.00 ns, 1.5838 s/op
WorkloadActual  11: 1 op, 1195973867.00 ns, 1.1960 s/op
WorkloadActual  12: 1 op, 1087733842.00 ns, 1.0877 s/op
WorkloadActual  13: 1 op, 1245202645.00 ns, 1.2452 s/op
WorkloadActual  14: 1 op, 1219055632.00 ns, 1.2191 s/op
WorkloadActual  15: 1 op, 1308713154.00 ns, 1.3087 s/op
WorkloadActual  16: 1 op, 1099353092.00 ns, 1.0994 s/op
WorkloadActual  17: 1 op, 1466154597.00 ns, 1.4662 s/op
WorkloadActual  18: 1 op, 1102396536.00 ns, 1.1024 s/op
WorkloadActual  19: 1 op, 1552568950.00 ns, 1.5526 s/op
WorkloadActual  20: 1 op, 1430442515.00 ns, 1.4304 s/op
WorkloadActual  21: 1 op, 1480462667.00 ns, 1.4805 s/op
WorkloadActual  22: 1 op, 1377605176.00 ns, 1.3776 s/op
WorkloadActual  23: 1 op, 1251234537.00 ns, 1.2512 s/op
WorkloadActual  24: 1 op, 1384976220.00 ns, 1.3850 s/op
WorkloadActual  25: 1 op, 1350463473.00 ns, 1.3505 s/op
WorkloadActual  26: 1 op, 1243574351.00 ns, 1.2436 s/op
WorkloadActual  27: 1 op, 1334756426.00 ns, 1.3348 s/op
WorkloadActual  28: 1 op, 1261761967.00 ns, 1.2618 s/op
WorkloadActual  29: 1 op, 1276035925.00 ns, 1.2760 s/op
WorkloadActual  30: 1 op, 1284884080.00 ns, 1.2849 s/op
WorkloadActual  31: 1 op, 1411751132.00 ns, 1.4118 s/op
WorkloadActual  32: 1 op, 1174796298.00 ns, 1.1748 s/op
WorkloadActual  33: 1 op, 1319906932.00 ns, 1.3199 s/op
WorkloadActual  34: 1 op, 1305516710.00 ns, 1.3055 s/op
WorkloadActual  35: 1 op, 1269310079.00 ns, 1.2693 s/op
WorkloadActual  36: 1 op, 1446134326.00 ns, 1.4461 s/op
WorkloadActual  37: 1 op, 1278245097.00 ns, 1.2782 s/op
WorkloadActual  38: 1 op, 1348269545.00 ns, 1.3483 s/op
WorkloadActual  39: 1 op, 1365213245.00 ns, 1.3652 s/op
WorkloadActual  40: 1 op, 1236134031.00 ns, 1.2361 s/op
WorkloadActual  41: 1 op, 1274310683.00 ns, 1.2743 s/op
WorkloadActual  42: 1 op, 1217834857.00 ns, 1.2178 s/op
WorkloadActual  43: 1 op, 1287330917.00 ns, 1.2873 s/op
WorkloadActual  44: 1 op, 1241466943.00 ns, 1.2415 s/op
WorkloadActual  45: 1 op, 1235875693.00 ns, 1.2359 s/op
WorkloadActual  46: 1 op, 1165051550.00 ns, 1.1651 s/op
WorkloadActual  47: 1 op, 1426763820.00 ns, 1.4268 s/op
WorkloadActual  48: 1 op, 1063721605.00 ns, 1.0637 s/op
WorkloadActual  49: 1 op, 1315485951.00 ns, 1.3155 s/op
WorkloadActual  50: 1 op, 1498340010.00 ns, 1.4983 s/op
WorkloadActual  51: 1 op, 1247019977.00 ns, 1.2470 s/op
WorkloadActual  52: 1 op, 1361792802.00 ns, 1.3618 s/op
WorkloadActual  53: 1 op, 1269961542.00 ns, 1.2700 s/op
WorkloadActual  54: 1 op, 1280208374.00 ns, 1.2802 s/op
WorkloadActual  55: 1 op, 1270151612.00 ns, 1.2702 s/op
WorkloadActual  56: 1 op, 1209630875.00 ns, 1.2096 s/op
WorkloadActual  57: 1 op, 1221995907.00 ns, 1.2220 s/op
WorkloadActual  58: 1 op, 1192559274.00 ns, 1.1926 s/op
WorkloadActual  59: 1 op, 1294381926.00 ns, 1.2944 s/op
WorkloadActual  60: 1 op, 1245530471.00 ns, 1.2455 s/op
WorkloadActual  61: 1 op, 1416735754.00 ns, 1.4167 s/op
WorkloadActual  62: 1 op, 1521500958.00 ns, 1.5215 s/op
WorkloadActual  63: 1 op, 1246997528.00 ns, 1.2470 s/op
WorkloadActual  64: 1 op, 1259195747.00 ns, 1.2592 s/op
WorkloadActual  65: 1 op, 1382196095.00 ns, 1.3822 s/op
WorkloadActual  66: 1 op, 1314634527.00 ns, 1.3146 s/op
WorkloadActual  67: 1 op, 1286288154.00 ns, 1.2863 s/op
WorkloadActual  68: 1 op, 1295243148.00 ns, 1.2952 s/op
WorkloadActual  69: 1 op, 1287647821.00 ns, 1.2876 s/op
WorkloadActual  70: 1 op, 1265641867.00 ns, 1.2656 s/op
WorkloadActual  71: 1 op, 1181760181.00 ns, 1.1818 s/op
WorkloadActual  72: 1 op, 1379873060.00 ns, 1.3799 s/op
WorkloadActual  73: 1 op, 1205640310.00 ns, 1.2056 s/op
WorkloadActual  74: 1 op, 1536651592.00 ns, 1.5367 s/op
WorkloadActual  75: 1 op, 1299164802.00 ns, 1.2992 s/op
WorkloadActual  76: 1 op, 1261923105.00 ns, 1.2619 s/op
WorkloadActual  77: 1 op, 1391452830.00 ns, 1.3915 s/op
WorkloadActual  78: 1 op, 1280687405.00 ns, 1.2807 s/op
WorkloadActual  79: 1 op, 1280594776.00 ns, 1.2806 s/op
WorkloadActual  80: 1 op, 1342644038.00 ns, 1.3426 s/op
WorkloadActual  81: 1 op, 1520266433.00 ns, 1.5203 s/op
WorkloadActual  82: 1 op, 1330237989.00 ns, 1.3302 s/op
WorkloadActual  83: 1 op, 1269941107.00 ns, 1.2699 s/op
WorkloadActual  84: 1 op, 1511100100.00 ns, 1.5111 s/op
WorkloadActual  85: 1 op, 1365204709.00 ns, 1.3652 s/op
WorkloadActual  86: 1 op, 1316145317.00 ns, 1.3161 s/op
WorkloadActual  87: 1 op, 1254400423.00 ns, 1.2544 s/op
WorkloadActual  88: 1 op, 1367479670.00 ns, 1.3675 s/op
WorkloadActual  89: 1 op, 1346704842.00 ns, 1.3467 s/op
WorkloadActual  90: 1 op, 1561631557.00 ns, 1.5616 s/op
WorkloadActual  91: 1 op, 1371062321.00 ns, 1.3711 s/op
WorkloadActual  92: 1 op, 1591339262.00 ns, 1.5913 s/op
WorkloadActual  93: 1 op, 1430303221.00 ns, 1.4303 s/op
WorkloadActual  94: 1 op, 1411175659.00 ns, 1.4112 s/op
WorkloadActual  95: 1 op, 1281545587.00 ns, 1.2815 s/op
WorkloadActual  96: 1 op, 1482671052.00 ns, 1.4827 s/op
WorkloadActual  97: 1 op, 1190163304.00 ns, 1.1902 s/op
WorkloadActual  98: 1 op, 1353491417.00 ns, 1.3535 s/op
WorkloadActual  99: 1 op, 1247278194.00 ns, 1.2473 s/op
WorkloadActual  100: 1 op, 1483657635.00 ns, 1.4837 s/op

// AfterActualRun
WorkloadResult   1: 1 op, 1118924850.50 ns, 1.1189 s/op
WorkloadResult   2: 1 op, 1232732344.50 ns, 1.2327 s/op
WorkloadResult   3: 1 op, 1205869319.50 ns, 1.2059 s/op
WorkloadResult   4: 1 op, 1297545140.50 ns, 1.2975 s/op
WorkloadResult   5: 1 op, 1288215692.50 ns, 1.2882 s/op
WorkloadResult   6: 1 op, 1336854914.50 ns, 1.3369 s/op
WorkloadResult   7: 1 op, 1243221317.50 ns, 1.2432 s/op
WorkloadResult   8: 1 op, 1156437679.50 ns, 1.1564 s/op
WorkloadResult   9: 1 op, 1240754051.50 ns, 1.2408 s/op
WorkloadResult  10: 1 op, 1195973817.50 ns, 1.1960 s/op
WorkloadResult  11: 1 op, 1087733792.50 ns, 1.0877 s/op
WorkloadResult  12: 1 op, 1245202595.50 ns, 1.2452 s/op
WorkloadResult  13: 1 op, 1219055582.50 ns, 1.2191 s/op
WorkloadResult  14: 1 op, 1308713104.50 ns, 1.3087 s/op
WorkloadResult  15: 1 op, 1099353042.50 ns, 1.0994 s/op
WorkloadResult  16: 1 op, 1466154547.50 ns, 1.4662 s/op
WorkloadResult  17: 1 op, 1102396486.50 ns, 1.1024 s/op
WorkloadResult  18: 1 op, 1552568900.50 ns, 1.5526 s/op
WorkloadResult  19: 1 op, 1430442465.50 ns, 1.4304 s/op
WorkloadResult  20: 1 op, 1480462617.50 ns, 1.4805 s/op
WorkloadResult  21: 1 op, 1377605126.50 ns, 1.3776 s/op
WorkloadResult  22: 1 op, 1251234487.50 ns, 1.2512 s/op
WorkloadResult  23: 1 op, 1384976170.50 ns, 1.3850 s/op
WorkloadResult  24: 1 op, 1350463423.50 ns, 1.3505 s/op
WorkloadResult  25: 1 op, 1243574301.50 ns, 1.2436 s/op
WorkloadResult  26: 1 op, 1334756376.50 ns, 1.3348 s/op
WorkloadResult  27: 1 op, 1261761917.50 ns, 1.2618 s/op
WorkloadResult  28: 1 op, 1276035875.50 ns, 1.2760 s/op
WorkloadResult  29: 1 op, 1284884030.50 ns, 1.2849 s/op
WorkloadResult  30: 1 op, 1411751082.50 ns, 1.4118 s/op
WorkloadResult  31: 1 op, 1174796248.50 ns, 1.1748 s/op
WorkloadResult  32: 1 op, 1319906882.50 ns, 1.3199 s/op
WorkloadResult  33: 1 op, 1305516660.50 ns, 1.3055 s/op
WorkloadResult  34: 1 op, 1269310029.50 ns, 1.2693 s/op
WorkloadResult  35: 1 op, 1446134276.50 ns, 1.4461 s/op
WorkloadResult  36: 1 op, 1278245047.50 ns, 1.2782 s/op
WorkloadResult  37: 1 op, 1348269495.50 ns, 1.3483 s/op
WorkloadResult  38: 1 op, 1365213195.50 ns, 1.3652 s/op
WorkloadResult  39: 1 op, 1236133981.50 ns, 1.2361 s/op
WorkloadResult  40: 1 op, 1274310633.50 ns, 1.2743 s/op
WorkloadResult  41: 1 op, 1217834807.50 ns, 1.2178 s/op
WorkloadResult  42: 1 op, 1287330867.50 ns, 1.2873 s/op
WorkloadResult  43: 1 op, 1241466893.50 ns, 1.2415 s/op
WorkloadResult  44: 1 op, 1235875643.50 ns, 1.2359 s/op
WorkloadResult  45: 1 op, 1165051500.50 ns, 1.1651 s/op
WorkloadResult  46: 1 op, 1426763770.50 ns, 1.4268 s/op
WorkloadResult  47: 1 op, 1063721555.50 ns, 1.0637 s/op
WorkloadResult  48: 1 op, 1315485901.50 ns, 1.3155 s/op
WorkloadResult  49: 1 op, 1498339960.50 ns, 1.4983 s/op
WorkloadResult  50: 1 op, 1247019927.50 ns, 1.2470 s/op
WorkloadResult  51: 1 op, 1361792752.50 ns, 1.3618 s/op
WorkloadResult  52: 1 op, 1269961492.50 ns, 1.2700 s/op
WorkloadResult  53: 1 op, 1280208324.50 ns, 1.2802 s/op
WorkloadResult  54: 1 op, 1270151562.50 ns, 1.2702 s/op
WorkloadResult  55: 1 op, 1209630825.50 ns, 1.2096 s/op
WorkloadResult  56: 1 op, 1221995857.50 ns, 1.2220 s/op
WorkloadResult  57: 1 op, 1192559224.50 ns, 1.1926 s/op
WorkloadResult  58: 1 op, 1294381876.50 ns, 1.2944 s/op
WorkloadResult  59: 1 op, 1245530421.50 ns, 1.2455 s/op
WorkloadResult  60: 1 op, 1416735704.50 ns, 1.4167 s/op
WorkloadResult  61: 1 op, 1521500908.50 ns, 1.5215 s/op
WorkloadResult  62: 1 op, 1246997478.50 ns, 1.2470 s/op
WorkloadResult  63: 1 op, 1259195697.50 ns, 1.2592 s/op
WorkloadResult  64: 1 op, 1382196045.50 ns, 1.3822 s/op
WorkloadResult  65: 1 op, 1314634477.50 ns, 1.3146 s/op
WorkloadResult  66: 1 op, 1286288104.50 ns, 1.2863 s/op
WorkloadResult  67: 1 op, 1295243098.50 ns, 1.2952 s/op
WorkloadResult  68: 1 op, 1287647771.50 ns, 1.2876 s/op
WorkloadResult  69: 1 op, 1265641817.50 ns, 1.2656 s/op
WorkloadResult  70: 1 op, 1181760131.50 ns, 1.1818 s/op
WorkloadResult  71: 1 op, 1379873010.50 ns, 1.3799 s/op
WorkloadResult  72: 1 op, 1205640260.50 ns, 1.2056 s/op
WorkloadResult  73: 1 op, 1536651542.50 ns, 1.5367 s/op
WorkloadResult  74: 1 op, 1299164752.50 ns, 1.2992 s/op
WorkloadResult  75: 1 op, 1261923055.50 ns, 1.2619 s/op
WorkloadResult  76: 1 op, 1391452780.50 ns, 1.3915 s/op
WorkloadResult  77: 1 op, 1280687355.50 ns, 1.2807 s/op
WorkloadResult  78: 1 op, 1280594726.50 ns, 1.2806 s/op
WorkloadResult  79: 1 op, 1342643988.50 ns, 1.3426 s/op
WorkloadResult  80: 1 op, 1520266383.50 ns, 1.5203 s/op
WorkloadResult  81: 1 op, 1330237939.50 ns, 1.3302 s/op
WorkloadResult  82: 1 op, 1269941057.50 ns, 1.2699 s/op
WorkloadResult  83: 1 op, 1511100050.50 ns, 1.5111 s/op
WorkloadResult  84: 1 op, 1365204659.50 ns, 1.3652 s/op
WorkloadResult  85: 1 op, 1316145267.50 ns, 1.3161 s/op
WorkloadResult  86: 1 op, 1254400373.50 ns, 1.2544 s/op
WorkloadResult  87: 1 op, 1367479620.50 ns, 1.3675 s/op
WorkloadResult  88: 1 op, 1346704792.50 ns, 1.3467 s/op
WorkloadResult  89: 1 op, 1561631507.50 ns, 1.5616 s/op
WorkloadResult  90: 1 op, 1371062271.50 ns, 1.3711 s/op
WorkloadResult  91: 1 op, 1430303171.50 ns, 1.4303 s/op
WorkloadResult  92: 1 op, 1411175609.50 ns, 1.4112 s/op
WorkloadResult  93: 1 op, 1281545537.50 ns, 1.2815 s/op
WorkloadResult  94: 1 op, 1482671002.50 ns, 1.4827 s/op
WorkloadResult  95: 1 op, 1190163254.50 ns, 1.1902 s/op
WorkloadResult  96: 1 op, 1353491367.50 ns, 1.3535 s/op
WorkloadResult  97: 1 op, 1247278144.50 ns, 1.2473 s/op
WorkloadResult  98: 1 op, 1483657585.50 ns, 1.4837 s/op
// GC:  0 0 0 1688 1
// Threading:  0 0 1

// AfterAll
// Benchmark Process 177710 has exited with code 0.

Mean = 1.307 s, StdErr = 0.011 s (0.82%), N = 98, StdDev = 0.106 s
Min = 1.064 s, Q1 = 1.244 s, Median = 1.287 s, Q3 = 1.367 s, Max = 1.562 s
IQR = 0.123 s, LowerFence = 1.060 s, UpperFence = 1.551 s
ConfidenceInterval = [1.271 s; 1.343 s] (CI 99.9%), Margin = 0.036 s (2.79% of Mean)
Skewness = 0.35, Kurtosis = 2.92, MValue = 2.65

// ** Remained 1 (16.7 %) benchmark(s) to run. Estimated finish 2026-08-31 20:36 (0h 1m from now) **
// **************************
// Benchmark: MpscBenchmark.SystemThreadingChannel_MPSC: Job-CNUJVU(InvocationCount=1, UnrollFactor=1) [ProducerCount=8, ItemsPerProducer=1000000]
// *** Execute ***
// Launch: 1 / 1
// Execute: dotnet SweetLib.Benchmarks-Job-CNUJVU-1.dll --anonymousPipes 125 126 --benchmarkName "MpscBenchmark.SystemThreadingChannel_MPSC(ProducerCount: 8, ItemsPerProducer: 1000000)" --job "InvocationCount=1, UnrollFactor=1" --benchmarkId 5 in /home/zynres/Projects/sweet-log/libraries/sweetlib-collections/src/SweetLib.Benchmarks/bin/Release/net10.0/SweetLib.Benchmarks-Job-CNUJVU-1/bin/Release/net10.0
// Failed to set up high priority (Permission denied). In order to run benchmarks with high priority, make sure you have the right permissions.
// BeforeAnythingElse

// Benchmark Process Environment Information:
// BenchmarkDotNet v0.15.8
// Runtime=.NET 10.0.11 (10.0.11, 42.42.42.42424), X64 RyuJIT x86-64-v3
// GC=Concurrent Workstation
// HardwareIntrinsics=AVX2+BMI1+BMI2+F16C+FMA+LZCNT+MOVBE,AVX,SSE3+SSSE3+SSE4.1+SSE4.2+POPCNT,X86Base+SSE+SSE2,AES+PCLMUL,AvxVnni,SERIALIZE VectorSize=256
// Job: Job-CNUJVU(InvocationCount=1, UnrollFactor=1)

OverheadJitting  1: 1 op, 139183.00 ns, 139.1830 us/op
WorkloadJitting  1: 1 op, 4120425081.00 ns, 4.1204 s/op

OverheadWarmup   1: 1 op, 668.00 ns, 668.0000 ns/op
OverheadWarmup   2: 1 op, 984.00 ns, 984.0000 ns/op
OverheadWarmup   3: 1 op, 48.00 ns, 48.0000 ns/op
OverheadWarmup   4: 1 op, 31.00 ns, 31.0000 ns/op
OverheadWarmup   5: 1 op, 143.00 ns, 143.0000 ns/op
OverheadWarmup   6: 1 op, 56.00 ns, 56.0000 ns/op

OverheadActual   1: 1 op, 232.00 ns, 232.0000 ns/op
OverheadActual   2: 1 op, 168.00 ns, 168.0000 ns/op
OverheadActual   3: 1 op, 178.00 ns, 178.0000 ns/op
OverheadActual   4: 1 op, 75.00 ns, 75.0000 ns/op
OverheadActual   5: 1 op, 183.00 ns, 183.0000 ns/op
OverheadActual   6: 1 op, 39.00 ns, 39.0000 ns/op
OverheadActual   7: 1 op, 46.00 ns, 46.0000 ns/op
OverheadActual   8: 1 op, 44.00 ns, 44.0000 ns/op
OverheadActual   9: 1 op, 40.00 ns, 40.0000 ns/op
OverheadActual  10: 1 op, 40.00 ns, 40.0000 ns/op
OverheadActual  11: 1 op, 38.00 ns, 38.0000 ns/op
OverheadActual  12: 1 op, 42.00 ns, 42.0000 ns/op
OverheadActual  13: 1 op, 40.00 ns, 40.0000 ns/op
OverheadActual  14: 1 op, 41.00 ns, 41.0000 ns/op
OverheadActual  15: 1 op, 41.00 ns, 41.0000 ns/op
OverheadActual  16: 1 op, 35.00 ns, 35.0000 ns/op
OverheadActual  17: 1 op, 41.00 ns, 41.0000 ns/op
OverheadActual  18: 1 op, 181.00 ns, 181.0000 ns/op
OverheadActual  19: 1 op, 54.00 ns, 54.0000 ns/op
OverheadActual  20: 1 op, 44.00 ns, 44.0000 ns/op

WorkloadWarmup   1: 1 op, 2582299525.00 ns, 2.5823 s/op
WorkloadWarmup   2: 1 op, 4362238088.00 ns, 4.3622 s/op
WorkloadWarmup   3: 1 op, 7000973762.00 ns, 7.0010 s/op
WorkloadWarmup   4: 1 op, 3251518972.00 ns, 3.2515 s/op
WorkloadWarmup   5: 1 op, 5542069465.00 ns, 5.5421 s/op
WorkloadWarmup   6: 1 op, 5528827099.00 ns, 5.5288 s/op

// BeforeActualRun
WorkloadActual   1: 1 op, 2694504649.00 ns, 2.6945 s/op
WorkloadActual   2: 1 op, 5274069943.00 ns, 5.2741 s/op
WorkloadActual   3: 1 op, 4351254051.00 ns, 4.3513 s/op
WorkloadActual   4: 1 op, 4446940448.00 ns, 4.4469 s/op
WorkloadActual   5: 1 op, 5573319597.00 ns, 5.5733 s/op
WorkloadActual   6: 1 op, 3949872160.00 ns, 3.9499 s/op
WorkloadActual   7: 1 op, 7083571631.00 ns, 7.0836 s/op
WorkloadActual   8: 1 op, 4705579293.00 ns, 4.7056 s/op
WorkloadActual   9: 1 op, 5298223360.00 ns, 5.2982 s/op
WorkloadActual  10: 1 op, 2811227321.00 ns, 2.8112 s/op
WorkloadActual  11: 1 op, 3280883757.00 ns, 3.2809 s/op
WorkloadActual  12: 1 op, 2700706051.00 ns, 2.7007 s/op
WorkloadActual  13: 1 op, 2568815762.00 ns, 2.5688 s/op
WorkloadActual  14: 1 op, 2429248144.00 ns, 2.4292 s/op
WorkloadActual  15: 1 op, 2744192329.00 ns, 2.7442 s/op
WorkloadActual  16: 1 op, 2765928094.00 ns, 2.7659 s/op
WorkloadActual  17: 1 op, 2959019982.00 ns, 2.9590 s/op
WorkloadActual  18: 1 op, 2567774953.00 ns, 2.5678 s/op
WorkloadActual  19: 1 op, 3327832340.00 ns, 3.3278 s/op
WorkloadActual  20: 1 op, 2601065135.00 ns, 2.6011 s/op
WorkloadActual  21: 1 op, 2448168723.00 ns, 2.4482 s/op
WorkloadActual  22: 1 op, 4110675156.00 ns, 4.1107 s/op
WorkloadActual  23: 1 op, 5748440773.00 ns, 5.7484 s/op
WorkloadActual  24: 1 op, 6628113723.00 ns, 6.6281 s/op
WorkloadActual  25: 1 op, 4550272587.00 ns, 4.5503 s/op
WorkloadActual  26: 1 op, 5793341360.00 ns, 5.7933 s/op
WorkloadActual  27: 1 op, 5280636415.00 ns, 5.2806 s/op
WorkloadActual  28: 1 op, 3158791295.00 ns, 3.1588 s/op
WorkloadActual  29: 1 op, 4582817953.00 ns, 4.5828 s/op
WorkloadActual  30: 1 op, 4969202312.00 ns, 4.9692 s/op
WorkloadActual  31: 1 op, 6072512612.00 ns, 6.0725 s/op
WorkloadActual  32: 1 op, 3965080789.00 ns, 3.9651 s/op
WorkloadActual  33: 1 op, 4940877346.00 ns, 4.9409 s/op
WorkloadActual  34: 1 op, 5004866911.00 ns, 5.0049 s/op
WorkloadActual  35: 1 op, 6764351848.00 ns, 6.7644 s/op
WorkloadActual  36: 1 op, 5900745714.00 ns, 5.9007 s/op
WorkloadActual  37: 1 op, 6457487509.00 ns, 6.4575 s/op
WorkloadActual  38: 1 op, 5649178317.00 ns, 5.6492 s/op
WorkloadActual  39: 1 op, 4677750149.00 ns, 4.6778 s/op
WorkloadActual  40: 1 op, 7282041853.00 ns, 7.2820 s/op
WorkloadActual  41: 1 op, 4634370037.00 ns, 4.6344 s/op
WorkloadActual  42: 1 op, 3774843498.00 ns, 3.7748 s/op
WorkloadActual  43: 1 op, 4411167323.00 ns, 4.4112 s/op
WorkloadActual  44: 1 op, 3706304972.00 ns, 3.7063 s/op
WorkloadActual  45: 1 op, 5917829058.00 ns, 5.9178 s/op
WorkloadActual  46: 1 op, 5502964526.00 ns, 5.5030 s/op
WorkloadActual  47: 1 op, 5875824685.00 ns, 5.8758 s/op
WorkloadActual  48: 1 op, 4043259311.00 ns, 4.0433 s/op
WorkloadActual  49: 1 op, 4717350049.00 ns, 4.7174 s/op
WorkloadActual  50: 1 op, 5246028875.00 ns, 5.2460 s/op
WorkloadActual  51: 1 op, 4532250739.00 ns, 4.5323 s/op
WorkloadActual  52: 1 op, 4516426725.00 ns, 4.5164 s/op
WorkloadActual  53: 1 op, 5386893938.00 ns, 5.3869 s/op
WorkloadActual  54: 1 op, 5062915571.00 ns, 5.0629 s/op
WorkloadActual  55: 1 op, 3312695112.00 ns, 3.3127 s/op
WorkloadActual  56: 1 op, 2523239374.00 ns, 2.5232 s/op
WorkloadActual  57: 1 op, 3059479244.00 ns, 3.0595 s/op
WorkloadActual  58: 1 op, 2613421459.00 ns, 2.6134 s/op
WorkloadActual  59: 1 op, 4075587834.00 ns, 4.0756 s/op
WorkloadActual  60: 1 op, 3201851291.00 ns, 3.2019 s/op
WorkloadActual  61: 1 op, 3529065125.00 ns, 3.5291 s/op
WorkloadActual  62: 1 op, 3461790691.00 ns, 3.4618 s/op
WorkloadActual  63: 1 op, 2466449924.00 ns, 2.4664 s/op
WorkloadActual  64: 1 op, 2580352445.00 ns, 2.5804 s/op
WorkloadActual  65: 1 op, 2675046805.00 ns, 2.6750 s/op
WorkloadActual  66: 1 op, 4650347458.00 ns, 4.6503 s/op
WorkloadActual  67: 1 op, 2616742387.00 ns, 2.6167 s/op
WorkloadActual  68: 1 op, 2515531501.00 ns, 2.5155 s/op
WorkloadActual  69: 1 op, 2846482713.00 ns, 2.8465 s/op
WorkloadActual  70: 1 op, 3607819118.00 ns, 3.6078 s/op
WorkloadActual  71: 1 op, 2663834618.00 ns, 2.6638 s/op
WorkloadActual  72: 1 op, 3114302488.00 ns, 3.1143 s/op
WorkloadActual  73: 1 op, 3315776395.00 ns, 3.3158 s/op
WorkloadActual  74: 1 op, 3780979802.00 ns, 3.7810 s/op
WorkloadActual  75: 1 op, 3599285487.00 ns, 3.5993 s/op
WorkloadActual  76: 1 op, 3351308418.00 ns, 3.3513 s/op
WorkloadActual  77: 1 op, 2662605344.00 ns, 2.6626 s/op
WorkloadActual  78: 1 op, 3313028344.00 ns, 3.3130 s/op
WorkloadActual  79: 1 op, 3034619600.00 ns, 3.0346 s/op
WorkloadActual  80: 1 op, 4251622912.00 ns, 4.2516 s/op
WorkloadActual  81: 1 op, 2578659839.00 ns, 2.5787 s/op
WorkloadActual  82: 1 op, 4471287089.00 ns, 4.4713 s/op
WorkloadActual  83: 1 op, 3310235634.00 ns, 3.3102 s/op
WorkloadActual  84: 1 op, 3726028703.00 ns, 3.7260 s/op
WorkloadActual  85: 1 op, 3570918629.00 ns, 3.5709 s/op
WorkloadActual  86: 1 op, 2871157035.00 ns, 2.8712 s/op
WorkloadActual  87: 1 op, 2578941046.00 ns, 2.5789 s/op
WorkloadActual  88: 1 op, 2544947515.00 ns, 2.5449 s/op
WorkloadActual  89: 1 op, 2984876493.00 ns, 2.9849 s/op
WorkloadActual  90: 1 op, 2508959775.00 ns, 2.5090 s/op
WorkloadActual  91: 1 op, 3238533054.00 ns, 3.2385 s/op
WorkloadActual  92: 1 op, 4973493848.00 ns, 4.9735 s/op
WorkloadActual  93: 1 op, 3203850611.00 ns, 3.2039 s/op
WorkloadActual  94: 1 op, 2529568694.00 ns, 2.5296 s/op
WorkloadActual  95: 1 op, 5051266335.00 ns, 5.0513 s/op
WorkloadActual  96: 1 op, 3222262298.00 ns, 3.2223 s/op
WorkloadActual  97: 1 op, 3431856480.00 ns, 3.4319 s/op
WorkloadActual  98: 1 op, 2660529354.00 ns, 2.6605 s/op
WorkloadActual  99: 1 op, 3633538110.00 ns, 3.6335 s/op
WorkloadActual  100: 1 op, 3179589897.00 ns, 3.1796 s/op

// AfterActualRun
WorkloadResult   1: 1 op, 2694504606.00 ns, 2.6945 s/op
WorkloadResult   2: 1 op, 5274069900.00 ns, 5.2741 s/op
WorkloadResult   3: 1 op, 4351254008.00 ns, 4.3513 s/op
WorkloadResult   4: 1 op, 4446940405.00 ns, 4.4469 s/op
WorkloadResult   5: 1 op, 5573319554.00 ns, 5.5733 s/op
WorkloadResult   6: 1 op, 3949872117.00 ns, 3.9499 s/op
WorkloadResult   7: 1 op, 7083571588.00 ns, 7.0836 s/op
WorkloadResult   8: 1 op, 4705579250.00 ns, 4.7056 s/op
WorkloadResult   9: 1 op, 5298223317.00 ns, 5.2982 s/op
WorkloadResult  10: 1 op, 2811227278.00 ns, 2.8112 s/op
WorkloadResult  11: 1 op, 3280883714.00 ns, 3.2809 s/op
WorkloadResult  12: 1 op, 2700706008.00 ns, 2.7007 s/op
WorkloadResult  13: 1 op, 2568815719.00 ns, 2.5688 s/op
WorkloadResult  14: 1 op, 2429248101.00 ns, 2.4292 s/op
WorkloadResult  15: 1 op, 2744192286.00 ns, 2.7442 s/op
WorkloadResult  16: 1 op, 2765928051.00 ns, 2.7659 s/op
WorkloadResult  17: 1 op, 2959019939.00 ns, 2.9590 s/op
WorkloadResult  18: 1 op, 2567774910.00 ns, 2.5678 s/op
WorkloadResult  19: 1 op, 3327832297.00 ns, 3.3278 s/op
WorkloadResult  20: 1 op, 2601065092.00 ns, 2.6011 s/op
WorkloadResult  21: 1 op, 2448168680.00 ns, 2.4482 s/op
WorkloadResult  22: 1 op, 4110675113.00 ns, 4.1107 s/op
WorkloadResult  23: 1 op, 5748440730.00 ns, 5.7484 s/op
WorkloadResult  24: 1 op, 6628113680.00 ns, 6.6281 s/op
WorkloadResult  25: 1 op, 4550272544.00 ns, 4.5503 s/op
WorkloadResult  26: 1 op, 5793341317.00 ns, 5.7933 s/op
WorkloadResult  27: 1 op, 5280636372.00 ns, 5.2806 s/op
WorkloadResult  28: 1 op, 3158791252.00 ns, 3.1588 s/op
WorkloadResult  29: 1 op, 4582817910.00 ns, 4.5828 s/op
WorkloadResult  30: 1 op, 4969202269.00 ns, 4.9692 s/op
WorkloadResult  31: 1 op, 6072512569.00 ns, 6.0725 s/op
WorkloadResult  32: 1 op, 3965080746.00 ns, 3.9651 s/op
WorkloadResult  33: 1 op, 4940877303.00 ns, 4.9409 s/op
WorkloadResult  34: 1 op, 5004866868.00 ns, 5.0049 s/op
WorkloadResult  35: 1 op, 6764351805.00 ns, 6.7644 s/op
WorkloadResult  36: 1 op, 5900745671.00 ns, 5.9007 s/op
WorkloadResult  37: 1 op, 6457487466.00 ns, 6.4575 s/op
WorkloadResult  38: 1 op, 5649178274.00 ns, 5.6492 s/op
WorkloadResult  39: 1 op, 4677750106.00 ns, 4.6778 s/op
WorkloadResult  40: 1 op, 7282041810.00 ns, 7.2820 s/op
WorkloadResult  41: 1 op, 4634369994.00 ns, 4.6344 s/op
WorkloadResult  42: 1 op, 3774843455.00 ns, 3.7748 s/op
WorkloadResult  43: 1 op, 4411167280.00 ns, 4.4112 s/op
WorkloadResult  44: 1 op, 3706304929.00 ns, 3.7063 s/op
WorkloadResult  45: 1 op, 5917829015.00 ns, 5.9178 s/op
WorkloadResult  46: 1 op, 5502964483.00 ns, 5.5030 s/op
WorkloadResult  47: 1 op, 5875824642.00 ns, 5.8758 s/op
WorkloadResult  48: 1 op, 4043259268.00 ns, 4.0433 s/op
WorkloadResult  49: 1 op, 4717350006.00 ns, 4.7174 s/op
WorkloadResult  50: 1 op, 5246028832.00 ns, 5.2460 s/op
WorkloadResult  51: 1 op, 4532250696.00 ns, 4.5323 s/op
WorkloadResult  52: 1 op, 4516426682.00 ns, 4.5164 s/op
WorkloadResult  53: 1 op, 5386893895.00 ns, 5.3869 s/op
WorkloadResult  54: 1 op, 5062915528.00 ns, 5.0629 s/op
WorkloadResult  55: 1 op, 3312695069.00 ns, 3.3127 s/op
WorkloadResult  56: 1 op, 2523239331.00 ns, 2.5232 s/op
WorkloadResult  57: 1 op, 3059479201.00 ns, 3.0595 s/op
WorkloadResult  58: 1 op, 2613421416.00 ns, 2.6134 s/op
WorkloadResult  59: 1 op, 4075587791.00 ns, 4.0756 s/op
WorkloadResult  60: 1 op, 3201851248.00 ns, 3.2019 s/op
WorkloadResult  61: 1 op, 3529065082.00 ns, 3.5291 s/op
WorkloadResult  62: 1 op, 3461790648.00 ns, 3.4618 s/op
WorkloadResult  63: 1 op, 2466449881.00 ns, 2.4664 s/op
WorkloadResult  64: 1 op, 2580352402.00 ns, 2.5804 s/op
WorkloadResult  65: 1 op, 2675046762.00 ns, 2.6750 s/op
WorkloadResult  66: 1 op, 4650347415.00 ns, 4.6503 s/op
WorkloadResult  67: 1 op, 2616742344.00 ns, 2.6167 s/op
WorkloadResult  68: 1 op, 2515531458.00 ns, 2.5155 s/op
WorkloadResult  69: 1 op, 2846482670.00 ns, 2.8465 s/op
WorkloadResult  70: 1 op, 3607819075.00 ns, 3.6078 s/op
WorkloadResult  71: 1 op, 2663834575.00 ns, 2.6638 s/op
WorkloadResult  72: 1 op, 3114302445.00 ns, 3.1143 s/op
WorkloadResult  73: 1 op, 3315776352.00 ns, 3.3158 s/op
WorkloadResult  74: 1 op, 3780979759.00 ns, 3.7810 s/op
WorkloadResult  75: 1 op, 3599285444.00 ns, 3.5993 s/op
WorkloadResult  76: 1 op, 3351308375.00 ns, 3.3513 s/op
WorkloadResult  77: 1 op, 2662605301.00 ns, 2.6626 s/op
WorkloadResult  78: 1 op, 3313028301.00 ns, 3.3130 s/op
WorkloadResult  79: 1 op, 3034619557.00 ns, 3.0346 s/op
WorkloadResult  80: 1 op, 4251622869.00 ns, 4.2516 s/op
WorkloadResult  81: 1 op, 2578659796.00 ns, 2.5787 s/op
WorkloadResult  82: 1 op, 4471287046.00 ns, 4.4713 s/op
WorkloadResult  83: 1 op, 3310235591.00 ns, 3.3102 s/op
WorkloadResult  84: 1 op, 3726028660.00 ns, 3.7260 s/op
WorkloadResult  85: 1 op, 3570918586.00 ns, 3.5709 s/op
WorkloadResult  86: 1 op, 2871156992.00 ns, 2.8712 s/op
WorkloadResult  87: 1 op, 2578941003.00 ns, 2.5789 s/op
WorkloadResult  88: 1 op, 2544947472.00 ns, 2.5449 s/op
WorkloadResult  89: 1 op, 2984876450.00 ns, 2.9849 s/op
WorkloadResult  90: 1 op, 2508959732.00 ns, 2.5090 s/op
WorkloadResult  91: 1 op, 3238533011.00 ns, 3.2385 s/op
WorkloadResult  92: 1 op, 4973493805.00 ns, 4.9735 s/op
WorkloadResult  93: 1 op, 3203850568.00 ns, 3.2039 s/op
WorkloadResult  94: 1 op, 2529568651.00 ns, 2.5296 s/op
WorkloadResult  95: 1 op, 5051266292.00 ns, 5.0513 s/op
WorkloadResult  96: 1 op, 3222262255.00 ns, 3.2223 s/op
WorkloadResult  97: 1 op, 3431856437.00 ns, 3.4319 s/op
WorkloadResult  98: 1 op, 2660529311.00 ns, 2.6605 s/op
WorkloadResult  99: 1 op, 3633538067.00 ns, 3.6335 s/op
WorkloadResult  100: 1 op, 3179589854.00 ns, 3.1796 s/op
// GC:  1 1 1 8390664 1
// Threading:  0 12434 1

// AfterAll
// Benchmark Process 179345 has exited with code 0.

Mean = 3.945 s, StdErr = 0.124 s (3.15%), N = 100, StdDev = 1.245 s
Min = 2.429 s, Q1 = 2.838 s, Median = 3.604 s, Q3 = 4.773 s, Max = 7.282 s
IQR = 1.936 s, LowerFence = -0.066 s, UpperFence = 7.677 s
ConfidenceInterval = [3.523 s; 4.368 s] (CI 99.9%), Margin = 0.422 s (10.70% of Mean)
Skewness = 0.69, Kurtosis = 2.51, MValue = 2.85

// ** Remained 0 (0.0 %) benchmark(s) to run. Estimated finish 2026-08-31 20:42 (0h 0m from now) **
// ***** BenchmarkRunner: Finish  *****

// * Export *
  BenchmarkDotNet.Artifacts/results/MpscBenchmark-report.csv
  BenchmarkDotNet.Artifacts/results/MpscBenchmark-report-github.md
  BenchmarkDotNet.Artifacts/results/MpscBenchmark-report.html

// * Detailed results *
MpscBenchmark.UnsafeRingBuffer_MPSC: Job-CNUJVU(InvocationCount=1, UnrollFactor=1) [ProducerCount=1, ItemsPerProducer=1000000]
Runtime = .NET 10.0.11 (10.0.11, 42.42.42.42424), X64 RyuJIT x86-64-v3; GC = Concurrent Workstation
Mean = 88.900 ms, StdErr = 0.522 ms (0.59%), N = 92, StdDev = 5.003 ms
Min = 75.011 ms, Q1 = 85.491 ms, Median = 88.989 ms, Q3 = 91.878 ms, Max = 100.718 ms
IQR = 6.387 ms, LowerFence = 75.910 ms, UpperFence = 101.459 ms
ConfidenceInterval = [87.126 ms; 90.674 ms] (CI 99.9%), Margin = 1.774 ms (2.00% of Mean)
Skewness = 0.08, Kurtosis = 3.16, MValue = 3.38
-------------------- Histogram --------------------
[73.556 ms ;  76.465 ms) | @
[76.465 ms ;  79.304 ms) | @
[79.304 ms ;  82.213 ms) | @@@@@@@@@
[82.213 ms ;  84.669 ms) | @
[84.669 ms ;  87.579 ms) | @@@@@@@@@@@@@@@@@@@@@@@@
[87.579 ms ;  89.413 ms) | @@@@@@@@@@@@@
[89.413 ms ;  92.322 ms) | @@@@@@@@@@@@@@@@@@@@@@@@@@@
[92.322 ms ;  95.212 ms) | @@@@@@@
[95.212 ms ;  97.858 ms) | @@
[97.858 ms ; 100.768 ms) | @@@@@@@
---------------------------------------------------

MpscBenchmark.SystemThreadingChannel_MPSC: Job-CNUJVU(InvocationCount=1, UnrollFactor=1) [ProducerCount=1, ItemsPerProducer=1000000]
Runtime = .NET 10.0.11 (10.0.11, 42.42.42.42424), X64 RyuJIT x86-64-v3; GC = Concurrent Workstation
Mean = 81.407 ms, StdErr = 1.704 ms (2.09%), N = 83, StdDev = 15.526 ms
Min = 52.379 ms, Q1 = 65.230 ms, Median = 88.625 ms, Q3 = 92.391 ms, Max = 118.447 ms
IQR = 27.161 ms, LowerFence = 24.487 ms, UpperFence = 133.133 ms
ConfidenceInterval = [75.590 ms; 87.224 ms] (CI 99.9%), Margin = 5.817 ms (7.15% of Mean)
Skewness = -0.53, Kurtosis = 2.09, MValue = 2.73
-------------------- Histogram --------------------
[ 47.708 ms ;  54.706 ms) | @@@
[ 54.706 ms ;  65.386 ms) | @@@@@@@@@@@@@@@@@@
[ 65.386 ms ;  75.822 ms) | @@@@
[ 75.822 ms ;  85.922 ms) | @@@@@@@@@@@
[ 85.922 ms ;  95.265 ms) | @@@@@@@@@@@@@@@@@@@@@@@@@@@@@@@@@@@@@@@@@
[ 95.265 ms ; 103.414 ms) | @@@@@
[103.414 ms ; 113.775 ms) | 
[113.775 ms ; 123.119 ms) | @
---------------------------------------------------

MpscBenchmark.UnsafeRingBuffer_MPSC: Job-CNUJVU(InvocationCount=1, UnrollFactor=1) [ProducerCount=4, ItemsPerProducer=1000000]
Runtime = .NET 10.0.11 (10.0.11, 42.42.42.42424), X64 RyuJIT x86-64-v3; GC = Concurrent Workstation
Mean = 494.758 ms, StdErr = 3.395 ms (0.69%), N = 100, StdDev = 33.952 ms
Min = 377.301 ms, Q1 = 469.393 ms, Median = 498.302 ms, Q3 = 524.363 ms, Max = 548.955 ms
IQR = 54.970 ms, LowerFence = 386.938 ms, UpperFence = 606.819 ms
ConfidenceInterval = [483.243 ms; 506.273 ms] (CI 99.9%), Margin = 11.515 ms (2.33% of Mean)
Skewness = -0.6, Kurtosis = 3.48, MValue = 3.69
-------------------- Histogram --------------------
[373.952 ms ; 393.153 ms) | @@
[393.153 ms ; 412.354 ms) | 
[412.354 ms ; 438.733 ms) | 
[438.733 ms ; 461.073 ms) | @@@@@@@@@@@@@
[461.073 ms ; 480.274 ms) | @@@@@@@@@@@@@@@@@@@@@@
[480.274 ms ; 503.658 ms) | @@@@@@@@@@@@@@@@@@@@@@@@@
[503.658 ms ; 517.707 ms) | @@@@
[517.707 ms ; 536.908 ms) | @@@@@@@@@@@@@@@@@@@@@@@@@@
[536.908 ms ; 558.555 ms) | @@@@@@@@
---------------------------------------------------

MpscBenchmark.SystemThreadingChannel_MPSC: Job-CNUJVU(InvocationCount=1, UnrollFactor=1) [ProducerCount=4, ItemsPerProducer=1000000]
Runtime = .NET 10.0.11 (10.0.11, 42.42.42.42424), X64 RyuJIT x86-64-v3; GC = Concurrent Workstation
Mean = 1.522 s, StdErr = 0.015 s (1.01%), N = 100, StdDev = 0.154 s
Min = 1.294 s, Q1 = 1.380 s, Median = 1.519 s, Q3 = 1.640 s, Max = 1.906 s
IQR = 0.260 s, LowerFence = 0.990 s, UpperFence = 2.031 s
ConfidenceInterval = [1.470 s; 1.574 s] (CI 99.9%), Margin = 0.052 s (3.43% of Mean)
Skewness = 0.33, Kurtosis = 1.98, MValue = 3.11
-------------------- Histogram --------------------
[1.250 s ; 1.317 s) | @@@@
[1.317 s ; 1.405 s) | @@@@@@@@@@@@@@@@@@@@@@@@@@@
[1.405 s ; 1.507 s) | @@@@@@@@@@@@@@@@
[1.507 s ; 1.617 s) | @@@@@@@@@@@@@@@@@@@@@@@@
[1.617 s ; 1.712 s) | @@@@@@@@@@@
[1.712 s ; 1.799 s) | @@@@@@@@@@@@@@@@@
[1.799 s ; 1.862 s) | 
[1.862 s ; 1.949 s) | @
---------------------------------------------------

MpscBenchmark.UnsafeRingBuffer_MPSC: Job-CNUJVU(InvocationCount=1, UnrollFactor=1) [ProducerCount=8, ItemsPerProducer=1000000]
Runtime = .NET 10.0.11 (10.0.11, 42.42.42.42424), X64 RyuJIT x86-64-v3; GC = Concurrent Workstation
Mean = 1.307 s, StdErr = 0.011 s (0.82%), N = 98, StdDev = 0.106 s
Min = 1.064 s, Q1 = 1.244 s, Median = 1.287 s, Q3 = 1.367 s, Max = 1.562 s
IQR = 0.123 s, LowerFence = 1.060 s, UpperFence = 1.551 s
ConfidenceInterval = [1.271 s; 1.343 s] (CI 99.9%), Margin = 0.036 s (2.79% of Mean)
Skewness = 0.35, Kurtosis = 2.92, MValue = 2.65
-------------------- Histogram --------------------
[1.061 s ; 1.122 s) | @@@@@
[1.122 s ; 1.179 s) | @@@
[1.179 s ; 1.240 s) | @@@@@@@@@@@@@
[1.240 s ; 1.300 s) | @@@@@@@@@@@@@@@@@@@@@@@@@@@@@@@@@@@
[1.300 s ; 1.327 s) | @@@@@@
[1.327 s ; 1.388 s) | @@@@@@@@@@@@@@@@@
[1.388 s ; 1.449 s) | @@@@@@@@
[1.449 s ; 1.524 s) | @@@@@@@@
[1.524 s ; 1.592 s) | @@@
---------------------------------------------------

MpscBenchmark.SystemThreadingChannel_MPSC: Job-CNUJVU(InvocationCount=1, UnrollFactor=1) [ProducerCount=8, ItemsPerProducer=1000000]
Runtime = .NET 10.0.11 (10.0.11, 42.42.42.42424), X64 RyuJIT x86-64-v3; GC = Concurrent Workstation
Mean = 3.945 s, StdErr = 0.124 s (3.15%), N = 100, StdDev = 1.245 s
Min = 2.429 s, Q1 = 2.838 s, Median = 3.604 s, Q3 = 4.773 s, Max = 7.282 s
IQR = 1.936 s, LowerFence = -0.066 s, UpperFence = 7.677 s
ConfidenceInterval = [3.523 s; 4.368 s] (CI 99.9%), Margin = 0.422 s (10.70% of Mean)
Skewness = 0.69, Kurtosis = 2.51, MValue = 2.85
-------------------- Histogram --------------------
[2.077 s ; 2.504 s) | @@@
[2.504 s ; 3.208 s) | @@@@@@@@@@@@@@@@@@@@@@@@@@@@@@@@@
[3.208 s ; 3.854 s) | @@@@@@@@@@@@@@@@@@@@
[3.854 s ; 4.385 s) | @@@@@@@
[4.385 s ; 5.089 s) | @@@@@@@@@@@@@@@@@@
[5.089 s ; 5.934 s) | @@@@@@@@@@@@@
[5.934 s ; 6.419 s) | @
[6.419 s ; 7.123 s) | @@@@
[7.123 s ; 7.634 s) | @
---------------------------------------------------

// * Summary *

BenchmarkDotNet v0.15.8, Linux Arch Linux
12th Gen Intel Core i5-1235U 0.40GHz, 1 CPU, 12 logical and 10 physical cores
.NET SDK 10.0.111
  [Host]     : .NET 10.0.11 (10.0.11, 42.42.42.42424), X64 RyuJIT x86-64-v3
  Job-CNUJVU : .NET 10.0.11 (10.0.11, 42.42.42.42424), X64 RyuJIT x86-64-v3

InvocationCount=1  UnrollFactor=1  

| Method                      | ProducerCount | ItemsPerProducer | Mean        | Error      | StdDev       | Median      | Gen0      | Gen1      | Gen2      | Allocated |
|---------------------------- |-------------- |----------------- |------------:|-----------:|-------------:|------------:|----------:|----------:|----------:|----------:|
| UnsafeRingBuffer_MPSC       | 1             | 1000000          |    88.90 ms |   1.774 ms |     5.003 ms |    88.99 ms |         - |         - |         - |     232 B |
| SystemThreadingChannel_MPSC | 1             | 1000000          |    81.41 ms |   5.817 ms |    15.526 ms |    88.62 ms |         - |         - |         - |  524904 B |
| UnsafeRingBuffer_MPSC       | 4             | 1000000          |   494.76 ms |  11.515 ms |    33.952 ms |   498.30 ms |         - |         - |         - |     856 B |
| SystemThreadingChannel_MPSC | 4             | 1000000          | 1,521.75 ms |  52.240 ms |   154.031 ms | 1,519.48 ms | 1000.0000 | 1000.0000 | 1000.0000 | 8390088 B |
| UnsafeRingBuffer_MPSC       | 8             | 1000000          | 1,306.93 ms |  36.421 ms |   106.243 ms | 1,286.81 ms |         - |         - |         - |    1688 B |
| SystemThreadingChannel_MPSC | 8             | 1000000          | 3,945.42 ms | 422.155 ms | 1,244.735 ms | 3,603.55 ms | 1000.0000 | 1000.0000 | 1000.0000 | 8390664 B |

// * Warnings *
MinIterationTime
  MpscBenchmark.UnsafeRingBuffer_MPSC: InvocationCount=1, UnrollFactor=1       -> The minimum observed iteration time is 75.011ms which is very small. It's recommended to increase it to at least 100ms using more operations.
  MpscBenchmark.SystemThreadingChannel_MPSC: InvocationCount=1, UnrollFactor=1 -> The minimum observed iteration time is 52.379ms which is very small. It's recommended to increase it to at least 100ms using more operations.
MultimodalDistribution
  MpscBenchmark.UnsafeRingBuffer_MPSC: InvocationCount=1, UnrollFactor=1       -> It seems that the distribution is bimodal (mValue = 3.38)
  MpscBenchmark.UnsafeRingBuffer_MPSC: InvocationCount=1, UnrollFactor=1       -> It seems that the distribution is bimodal (mValue = 3.69)
  MpscBenchmark.SystemThreadingChannel_MPSC: InvocationCount=1, UnrollFactor=1 -> It seems that the distribution can have several modes (mValue = 3.11)
  MpscBenchmark.SystemThreadingChannel_MPSC: InvocationCount=1, UnrollFactor=1 -> It seems that the distribution can have several modes (mValue = 2.85)

// * Hints *
Outliers
  MpscBenchmark.UnsafeRingBuffer_MPSC: InvocationCount=1, UnrollFactor=1       -> 3 outliers were removed, 4 outliers were detected (75.01 ms, 102.39 ms..110.80 ms)
  MpscBenchmark.SystemThreadingChannel_MPSC: InvocationCount=1, UnrollFactor=1 -> 17 outliers were removed (150.04 ms..520.44 ms)
  MpscBenchmark.UnsafeRingBuffer_MPSC: InvocationCount=1, UnrollFactor=1       -> 1 outlier  was  detected (377.30 ms)
  MpscBenchmark.UnsafeRingBuffer_MPSC: InvocationCount=1, UnrollFactor=1       -> 2 outliers were removed (1.58 s, 1.59 s)

// * Legends *
  ProducerCount    : Value of the 'ProducerCount' parameter
  ItemsPerProducer : Value of the 'ItemsPerProducer' parameter
  Mean             : Arithmetic mean of all measurements
  Error            : Half of 99.9% confidence interval
  StdDev           : Standard deviation of all measurements
  Median           : Value separating the higher half of all measurements (50th percentile)
  Gen0             : GC Generation 0 collects per 1000 operations
  Gen1             : GC Generation 1 collects per 1000 operations
  Gen2             : GC Generation 2 collects per 1000 operations
  Allocated        : Allocated memory per single operation (managed only, inclusive, 1KB = 1024B)
  1 ms             : 1 Millisecond (0.001 sec)

// * Diagnostic Output - MemoryDiagnoser *


// ***** BenchmarkRunner: End *****
Run time: 00:13:39 (819.19 sec), executed benchmarks: 6

Global total time: 00:13:47 (827.33 sec), executed benchmarks: 6
// * Artifacts cleanup *
Artifacts cleanup is finished
